id,title,artist,chart_date,chords
19,Here's Some Love,Tanya Tucker,1976-10-09,vi|ii|IV|V|I|IV|V|I|IV|V|IV|V|I|IV|V|I|vi|IV|V|IV|I|V|I|IV|I|V|IV|I|vi|ii|IV|V|I|IV|V|I|IV|V|IV|V|I|IV|V|I|vi|IV|V|IV|I|V|I|IV|I|V|IV|vi|V|IV|I|V|I|IV|I|V|IV|I
29,The Joker,Steve Miller Band,1973-11-10,I|IV|V|IV|I|IV|V|IV|I|IV|V|IV|I|IV|V|IV|I|IV|V|IV|I|IV|V|IV|I|IV|V|IV|I|IV|V|IV|I|IV|I|IV|I|IV|V|IV|I|IV|I|IV|I|IV|V|I|IV|V|IV|I|IV|V|IV|I|IV|V|IV|I|IV|V|IV|I|IV|V|IV|I|IV|V|IV|I|IV|V|IV|I|IV|V|IV|I|IV|I|IV|I|IV|V|IV|I|IV|I|IV|I|IV|V|IV|I|IV|I|IV|I|IV|V|IV|I|IV|I|IV|I|IV|V|I|IV|V|IV|I|IV|V|IV|I|IV|V|IV|I|IV|V|IV|I|IV|V|IV|I|IV|V|IV|I|IV|V|IV|I|IV|V|IV
37,Foggy Mountain Breakdown,Flatt & Scruggs,1968-04-13,I|vi|I|vi|I|V|I|vi|I|vi|I|V|I|vi|I|vi|I|V|I|vi|I|vi|I|V|I|vi|I|vi|I|V|I|vi|I|vi|I|V|I|vi|I|vi|I|V|I|vi|I|vi|I|V|I|vi|I|vi|I|V|I|vi|I|vi|I|V|I|vi|I|vi|I|V|I|vi|I|vi|I|V|I|vi|I|vi|I|V|I
44,Some Like It Hot,The Power Station,1985-04-06,i|VI|VII|i|VI|VII|i|VI|i|VI|i|VI|i|VI|i|VI|i|VI|i|VI|i|VI|i|VI|VII|i|VI|VII|i|VI|i|VI|i|VI|i|VI|i|VI|i|VI|i|VI|i|VI|i|VI|VII|i|VI|VII|i|VI|i|VI|i|VI|i|VI|i|VI|i|VI|i|VI|i|VI|i
46,I'll Take You There,The Staple Singers,1972-07-01,I|IV|I|IV|I|IV|I|IV|I|IV|I|IV|I|IV|I|IV|I|IV|I|IV|I|IV|I|IV|I|IV|I|IV|I|IV|I|IV|I|IV|I|IV|I|IV|I|IV|I|IV|I|IV|I|IV|I|IV|I|IV|I|IV|I|IV|I|IV|I|IV|I|IV|I|IV|I|IV|I|IV|I|IV|I|IV|I|IV|I|IV|I|IV|I|IV
50,Love Me Do,The Beatles,1964-07-11,I|IV|I|IV|I|IV|I|IV|I|IV|I|IV|I|IV|I|IV|I|IV|I|IV|I|IV|I|IV|I|V|IV|I|V|IV|I|IV|I|IV|I|IV|I|IV|I|V|IV|I|V|IV|I|V|I|IV|I|IV|I|IV|I|IV|I|IV|I|IV|I|IV|I
54,Last Kiss,J. Frank Wilson & The Cavaliers,1964-09-05,I|vi|IV|V|I|vi|IV|V|I|vi|IV|V|I|vi|IV|V|I|vi|IV|V|I|vi|IV|V|I|vi|IV|V|I|vi|IV|V|I|vi|IV|V|I|vi|IV|V|I|vi|IV|V|I|vi|IV|V|I|vi|IV|V|I|vi|IV|V|I|vi|IV|V|I|vi|IV|V|I|vi|IV|V|I|vi|IV|V
55,Smoking Gun,The Robert Cray Band,1987-03-07,i|iv|i|iv|i|iv|i|iv|i|iv|i|iv|i|iv|i|iv|i|iv|i|iv|i
66,Do You Love Me,The Contours,1988-06-18,I|IV|V|vi|V|I|IV|V|I|IV|V|I|IV|V|IV|iv|V|I|IV|V|I|IV|V|I|IV|V|I|V|I|IV|V|I|IV|V|I|IV|V|I|IV|V|I|IV|V|I|IV|V|I|IV|V|IV|iv|V|I|IV|V|I|IV|V|I|IV|V|I|V|I|IV|V|I|IV|V|I|IV|V|I|V|I|IV|V|I|IV|V|I|IV|V|I|IV|V|I|IV|V|I|IV|V|I|IV|V|I|IV|V|I|IV|V|I|IV|V|I|V|I|IV|V|I|IV|V|I|IV|V|I|V
72,Get Together,The Youngbloods,1969-09-06,I|bVII|I|bVII|I|bVII|I|bVII|I|bVII|IV|V|I|IV|V|I|bVII|I|bVII|I|bVII|IV|V|I|IV|V|I|IV|V|I|IV|V|I|bVII|I|bVII|I|bVII|IV|V|I|IV|V|I|bVII|I|bVII|I|bVII|I|bVII|I|bVII|IV|V|I|IV|V|I|IV|V|I|IV|V|I|IV|V|I|IV|V|I
81,You Can Call Me Al,Paul Simon,1986-08-23,I|V|IV|V|I|V|IV|V|I|V|IV|V|I|V|IV|V|I|IV|I|IV|I|IV|I|IV|I|IV|I|IV|I|IV|I|IV|I|V|IV|V|I|V|IV|V|I|V|IV|V|I|V|IV|V|I|IV|I|IV|I|IV|I|IV|I|IV|I|IV|I|IV|I|IV|I|V|IV|V|I|V|IV|V|I|V|IV|V|I|V|IV|V|I|IV|I|IV|I|IV|I|IV|I|IV|I|IV|I|IV|I|IV|I|V|IV|V|I|V|IV|V|I|V|IV|V|I|V|IV|V|I|IV|I|IV|I|IV|I|IV|I|IV|I|IV|I|IV|I|IV|I|V|IV|V|I|V|IV|V|I|V|IV|V|I|V|IV|V|I|IV|I|IV|I|IV|I|IV|I|IV|I|IV|I|IV|I|IV|I|V|IV|V|I|V|IV|V|I|V|IV|V|I|V|IV|V|I|V|IV|V|I|V|IV|V|I|V|IV|V|I|V|IV|V|I|V|IV|V|I|V|IV|V|I|V|IV|V|I|V|IV|V|I|V|IV|V|I|V
83,Red Red Wine,UB40,1984-04-07,I|IV|V|IV|I|IV|V|IV|I|IV|V|IV|V|IV|V|I|IV|V|IV|I|IV|V|IV|I|IV|V|IV|V|IV|V|I|IV|V|IV|V|I|IV|I|V|I|IV|I|IV|V|IV|I|IV|V|IV|I|IV|V|IV|V|IV|V|I|IV|V|I|IV|V|I|IV|I|V|I|IV|I|IV|V|IV|I|IV|V|IV|I|IV|V|IV|V|IV|V|I|IV|V|IV|I|IV|V|IV|V|IV|V|I|IV|V|IV|I|IV|V|IV|I|IV|V|IV|V|IV|V|I|IV|V|IV|V|I|IV|I|V|I|IV|I|IV|V|IV|I|IV|V|IV|I|IV|V|IV|V|IV|V|I|IV|V|I|IV|V|I|IV|I|V|I|IV|I|IV|V|IV|I|IV|V|IV|I|IV|V|IV|V|IV|V|I|IV|V|I|IV|V|I|IV|V|I|IV|V
97,Motownphilly,Boyz II Men,1991-08-10,i|VI|V|i|VI|V|i|VI|V|i|VI|V|i|iv|V|VI|VII|V|i|VI|V|i|VI|V|i|VI|V|i|VI|V|i|iv|V|VI|VII|V|i|VI|V|i|VI|V|i|VI|V|i|VI|V|i|VI|V|i|VI|V|i|V|i
106,If,Bread,1971-06-05,I|V|IV|iv|I|iv|V|I|V|IV|iv|I|iv|V|I|V|IV|iv|I|iv|V|vi|IV|VI|ii|V|I|V|IV|iv|I|iv|V|I|V|IV|iv|I|iv|V|vi|IV|VI|ii|V|I|IV|iv|I
107,Sweet Home Alabama,Lynyrd Skynyrd,1974-10-26,V|IV|I|V|IV|I|V|IV|I|V|IV|I|V|IV|I|V|IV|I|V|IV|I|V|IV|I|V|IV|I|V|IV|I|V|IV|I|V|IV|I|V|IV|I|V|IV|I|V|IV|I|V|IV|I|V|IV|I|V|IV|I|bVII|IV|V|IV|I|V|IV|I|V|IV|I|bVII|IV|V|IV|I|V|IV|I|V|IV|I|V|IV|I|V|IV|I|V|IV|I|V|IV|I|V|IV|I|V|IV|I|V|IV|I|V|IV|I|V|IV|I|V|IV|I|V|IV|I|V|IV|I|V|IV|I|V|IV|I|V|IV|I|V|IV|I|V|IV|I|V|IV|I|V|IV|I|V|IV|I|V|IV|I|V|IV|I|bVII|IV|V|IV|I|V|IV|I|V|IV|I|V|IV|I|V|IV|I|V|IV|I|V|IV|I|V|IV|I|V|IV|I|V|IV|I|V|IV|I|V|IV|I
114,Sunshine Of Your Love,Cream,1968-03-30,I|IV|I|V|bVII|IV|V|bVII|IV|V|bVII|IV|V|I|IV|I|V|bVII|IV|V|bVII|IV|V|bVII|IV|V|I|IV|I|V|bVII|IV|V|bVII|IV|V|bVII|IV|V|I|IV|I|V|bVII|IV|V|bVII|IV|V|bVII|IV|V|bVII|IV|V|bVII|IV|V
115,Sweet Little Rock And Roll,Chuck Berry,1958-12-29,I|V|I|V|IV|I|IV|I|V|IV|I|IV|I|V|IV|I|IV|I|V|IV|I|IV|I|IV|I|V|IV|I|IV|I|V|IV|I|IV|I|V|IV|I
119,Stand By Me,"David Ruffin,Jimmy Ruffin",1970-11-28,I|vi|IV|V|I|vi|IV|V|I|vi|IV|V|I|vi|IV|V|I|vi|IV|V|I|vi|IV|V|I|vi|IV|V|I|vi|IV|V|I|vi|IV|V|I|vi|IV|V|I|vi|IV|V|I
123,Silent Night,Bing Crosby,1960-12-19,I|V|I|V|I|IV|I|IV|I|V|I|V|I|V|I|IV|I|IV|I|V|I|V|I
126,Blue Eyes Crying In The Rain,Willie Nelson,1975-11-01,I|V|I|V|I|IV|I|V|I|V|I|V|I|V|I|IV|I|V|I|V|I|IV|I
128,Brandy (You're A Fine Girl),Looking Glass,1972-09-30,vi|IV|vi|IV|I|V|IV|I|ii|I|IV|vi|ii|IV|bVII|IV|I|IV|vi|ii|IV|I|IV|vi|ii|IV|bVII|IV|I|IV|vi|ii|IV|I|vi|IV|vi|IV|I|V|IV|I|ii|I|IV|vi|ii|IV|bVII|IV|I|IV|vi|ii|IV|I|IV|vi|ii|IV|bVII|IV|I|IV|vi|ii|IV|I|vi|IV|vi|IV|I|V|IV|I|ii|vi|IV|vi|IV|vi|bVII|vi|IV|I|V|IV|I|ii|I|IV|vi|ii|IV|bVII|IV|I|IV|vi|ii|IV|I|vi|IV|vi|IV|I|V|IV|I|ii|vi|IV|vi|IV|I|V|IV|I|ii|vi
130,Tumbling Dice,The Rolling Stones,1972-06-24,IV|I|V|I|V|I|IV|V|I|V|I|V|I|IV|V|I|V|I|V|I|IV|I|V|I|V|I|IV|V|I|V|I|V|I|IV|I|IV|I|V|I|V|I|IV|V|I|V|I|V|I|IV|I|IV|I|IV|I|V|IV|I|V|IV|I|V|IV|I|V|IV|I|V|IV|I|V|IV|I|V|IV|I|V|IV|I|V|IV|I|V|IV|I|V|IV|I|V|IV|I|V|IV|I|V|IV|I|V|IV|I|V|IV|I|V|IV|I|V
139,The Way You Do The Things You Do,UB40,1990-09-29,I|IV|I|IV|I|IV|I|IV|I|V|IV|V|IV|I|IV|I|IV|I|IV|I|IV|I|IV|I|V|IV|V|IV|I|IV|I|IV|I|IV|I|IV|I|IV|I|V|IV|V|IV|I|IV|I|IV|I|IV|I|IV|I|IV|I|V|IV|V|IV|I|IV|I|IV|I|IV|I|IV|I|IV|I|IV|I|IV|I
140,La Grange,ZZ Top,1974-06-29,i
145,Runaround Sue,Dion,1961-12-18,I|vi|IV|V|I|vi|IV|V|I|vi|IV|V|I|vi|IV|V|I|vi|IV|V|I|vi|IV|V|IV|I|IV|V|I|vi|IV|V|I|vi|IV|V|IV|I|IV|V|I|vi|IV|V|I|vi|IV|V
149,Just When I Needed You Most,Randy Vanwarmer,1979-07-21,I|IV|I|ii|I|V|I|IV|I|V|I|V|I|IV|I|V|I|IV|I|ii|V|I|IV|I|V|I|V|I|IV|I|V|I|IV|I|ii|V|I|IV|I|V|I|IV|I|ii|V|I|IV|I|V|I|V|I|IV|I|V|I|V|I|IV|I|V|I
153,Walk Right Back,The Everly Brothers,1961-05-01,I|V|I|IV|I|ii|IV|I|V|I|V|I|IV|I|ii|IV|I|V|I|V|I
155,Forever Man,Eric Clapton,1985-04-20,VI|VII|i|VI|VII|i|VI|VII|i|iv|VI|VII|i|VI|VII|VI|VII|i|VI|VII|i|VI|VII|i|iv|VI|VII|i|VI|VII|VI|VII|i|VI|VII|i|VI|VII|i|iv|VI|VII|i|VI|VII|VI|VII|i|VI|VII|i|VI|VII|i|iv|VI|VII|i|VI|VII|i|VI|VII|i|VI|VII|i|iv|VI|VII|i|VI|VII|i|VI|VII|i|VI|VII|i|iv|VI|VII|i
157,Sleep Walk,Santo & Johnny,1959-08-24,I|vi|iv|V|I|vi|IV|V|I|vi|iv|V|I|vi|iv|V|I|vi|iv|V|I|vi|IV|V|I|vi|iv|V|I|vi|iv|V|I|vi|iv|V|I|IV|I|IV|iv|I|IV|iv|V|I|vi|iv|V|I|vi|iv|V|I|vi|iv|V|I|V|I
160,If You Need Me,Solomon Burke,1963-04-20,I|V|vi|I|V|I|V|I|IV|I|V|vi|I|V|I|V|I|IV|I|V|vi|I|V|I|V|I|IV|I|V|vi|I|V|I|V|I|IV|I|V|vi|I
162,Sweet Nothin's,Brenda Lee,1960-01-04,I|IV|I|IV|I|IV|I|V|IV|I|IV|I|IV|I|IV|I|V|IV|I|IV|I|IV|I|IV|I|V|IV|I|IV|I|IV|I|IV|I|V|IV|I|V|IV|I
167,No Charge,Melba Montgomery,1974-06-08,I|V|I|IV|V|I|IV|I|V|I|V|I|IV|V|I|IV|I|V|I|IV|V|I|IV|I|V|I|V|I|V|I
194,Willie And The Hand Jive,Eric Clapton,1974-12-21,I|IV|I|IV|I|IV|I|V|I|IV|I|IV|I|V|I|IV|I|IV|I|V|I
204,I Want To Take You Higher,Ike & Tina Turner,1970-08-29,I
209,Already Gone,Eagles,1974-05-04,I|V|IV|I|V|IV|I|V|IV|I|V|IV|I|V|IV|I|V|IV|I|V|IV|I|V|IV|I|V|IV|I|V|IV|I|V|IV|I|V|IV|I|V|IV|I|V|IV|I|V|IV|I|V|IV|I|V|IV|I|V|IV|I|V|IV|I|V|IV|I|V|IV|I|V|IV|I|V|IV|I|V|IV|I|V|IV|I|V|IV|I|V|IV|I|V|IV|I|V|IV|I|V|IV|I|V|IV|I|V|IV|I|V|IV|I|V|IV|I|V|IV|I|V|IV|I|V|IV|I|V|IV
210,She's A Lady,Tom Jones,1971-02-20,ii|I|ii|I|ii|I|ii|vi|ii|I|ii|I|ii|I|ii|vi|I|V|IV|I|V|IV|I|V|IV|I|V|IV|VI|VII|ii|I|ii|vi|ii|I|ii|vi|ii|I|ii|I|ii|vi
214,(Night Time Is) The Right Time,Ray Charles,1959-02-09,V|IV|I|IV|I|V|I|IV|I|V|IV|I|IV|I|V|IV|I|IV|I|V|IV|I|IV|I|V|IV|I|IV|I|V|IV|I
222,For Ol' Times Sake,Elvis Presley,1973-11-10,I|IV|I|IV|I|ii|V|I|IV|I|IV|I|ii|V|I|IV|V|I|IV|V|I|IV|V|I|V|vi|IV|V|I|IV|I|IV|I|IV|I|V|ii|V|I|IV|I|V|ii|V|I
228,Still Cruisin,The Beach Boys,1989-09-02,I|vi|I|vi|I|vi|I|vi|ii|V|ii|V|I|ii|V|ii|V|I|ii|V|ii|V|IV|I|vi|I|vi|IV|I|vi|I|vi|I|vi|I|vi|ii|V|ii|V|I|ii|V|ii|V|I|ii|V|ii|V|IV|I|vi|I|vi|IV|I|vi|I|vi|I|vi|I|vi|ii|V|ii|V|I|vi|I|vi|I|vi|I|vi|ii|V|ii|V|I|vi|I|vi|I|vi|I|vi|ii|V|ii|V
234,Life Is A Carnival,The Band,1971-11-20,I|IV|I|IV|I|IV|I|IV|I|IV|I|IV|I|IV|I|IV|I|ii|I|IV|V|I|IV|I|IV|I|IV|I|IV|I|bVII|I|bVII|I|IV|I|IV|I|IV|I|IV|I|IV|I|IV|I|IV|I|IV|I|ii|I|IV|I|IV|I|IV|I|IV|I|IV|I|IV|I|ii|I|IV|I|IV|I|IV|I|IV|I|IV|I|IV|I|IV|I
235,Back Home Again,John Denver,1974-12-28,I|IV|V|I|IV|V|I|IV|V|I|IV|V|I|IV|V|I|IV|V|I|IV|V|I|IV|V|I|IV|V|I|IV|V|I|IV|V|I|IV|V|I|IV|V|I|IV|ii|V|I|IV|V|I|IV|ii|IV|V|I|IV|V|I|IV|V|I|IV|V|I|IV|V|I|IV|V|I|IV|V|I|IV|V|I|IV|V|I|V|IV|I
245,It Amazes Me,John Denver,1978-03-18,I|V|I|V|I|V|I|V|I|V|I|V|I|V|I|V|I|V|vi|V|ii|I|IV|I|IV|I|V|I|V|I|V|I|V|I|V|I|V|I|V|ii|I|IV|I|IV|I|V|I|IV|I|IV|V|I|V|I|V|I|V|vi|V|ii|I|IV|I|IV|I|V|I|IV|I|IV|I|V|I|V|I|V|I|V|I|V|I|V|I
249,Old Time Rock & Roll,Bob Seger,1979-05-19,I|V|I|V|I|IV|V|I|IV|V|I|V|I|IV|V|I|V|I|IV|V|I|V|I|IV|V|I|IV|V|I|V|I|IV|V|I|V|I|IV|V|I|V|I|IV|V|I|V|I|IV|V|I|V|I|IV|V|I|V
250,Handy Man,Jimmy Jones,1960-02-08,I|vi|I|vi|I|vi|IV|V|I|V|I|vi|IV|V|I|IV|I|IV|V|I|vi|IV|V|I|V|I|vi|IV|V|I|IV|I|IV|V|I|vi|IV|V|I|V|I|vi|I|vi|I|vi|I|vi|I|vi|I
256,Smokin' In The Boy's Room,Brownsville Station,1973-11-03,IV|I|V|IV|V|IV|I|V|IV|V|IV|I|IV|V|IV|I|IV|ii|V|IV|I|V|IV|V|IV|I|IV|I|V|IV|V|IV|I
263,Last Kiss,Wednesday,1974-03-02,I|vi|IV|V|I|vi|IV|V|I|vi|IV|V|I|vi|IV|V|I|vi|IV|V|I|vi|IV|V|I|vi|IV|V|I|vi|IV|V|I|vi|IV|V|I|vi|IV|V|I|vi|IV|V|I|vi|IV|V|I|vi|IV|V|I|vi|IV|V|I|vi|IV|V|I|vi|IV|V|I|vi|IV|V|I|vi|IV|V
268,Time For Me To Fly,REO Speedwagon,1980-05-31,I|IV|V|IV|I|IV|V|IV|I|V|IV|I|V|IV|I|V|IV|I|V|IV|I|IV|I|IV|I|V|I|IV|V|IV|I|IV|V|IV|I|V|IV|I|V|IV|I|V|IV|I|V|IV|I|IV|I|IV|I|V|I|IV|I|V|IV|I|V|IV|I|IV|V|IV|V|I|IV|V|I|IV|I|V|IV|I|V|IV|I|IV|V|IV|V|IV|V|I|IV|V|IV|I|IV|V|IV|I|IV|V|IV|I
270,In My Room,The Beach Boys,1963-11-23,I|vi|ii|V|I|bVII|I|vi|ii|bVII|V|I|bVII|I|bVII|I|vi|ii|bVII|V|I|bVII|I|vi|V|vi|V|vi|V|I|vi|V|ii|V|I|bVII|I|vi|ii|bVII|V|I|bVII|I|bVII|I|bVII|I|bVII|I|bVII|I|bVII
271,Addicted To Love,Robert Palmer,1986-03-08,I|bVII|IV|I|bVII|IV|I|bVII|IV|I|bVII|IV|I|vi|IV|I|vi|IV|I|bVII|IV|I|bVII|IV|I|vi|IV|I|vi|IV|I|bVII|IV|I|bVII|IV|I|bVII|IV|I|vi|IV|I|vi|IV|I|bVII|IV|I|bVII|IV|I
278,Waiting On A Friend,The Rolling Stones,1982-01-09,I|ii|IV|I|ii|IV|I|ii|IV|I|ii|IV|I|ii|IV|I|ii|IV|I|ii|IV|I|ii|IV|vi|IV|V|I|V|I|V|I|vi|IV|V|I|V|I|V|I|vi|IV|V|I|V|I|V|I|ii|IV|I|ii|IV|I|ii|IV|I|ii|IV|I|ii|IV|I|ii|IV|I|ii|IV|I|ii|IV|I|ii|IV|I|ii|IV|I|ii|IV|I|ii|IV|vi|IV|V|I|V|I|V|I|vi|IV|V|I|V|I|V|I|ii|IV|I|ii|IV|I|ii|IV|I|ii|IV|I|ii|IV|I|ii|IV|I|ii|IV|I|ii|IV|I|ii|IV|I|ii|IV|I|ii|IV|I|ii|IV|I|ii|IV|I|ii|IV|I|ii|IV|I|ii|IV|I|ii|IV|I|ii|IV|I
280,It Takes Two,"Marvin Gaye,Kim Weston",1967-01-07,I|IV|V|I|IV|V|I|IV|V|I|IV|V|I|IV|V|I|IV|V|I|IV|V|I
282,Gotta Serve Somebody,Bob Dylan,1979-10-06,i|IV|i|V|IV|i|IV|i|V|IV|i|IV|i|V|IV|i|IV|i|V|IV|i|IV|i|V|IV|i|IV|i|V|IV|i|IV|i|V|IV|i
290,Long Dark Road,The Hollies,1972-11-18,I|IV|I|IV|I|V|bVII|I|V|bVII|IV|I|IV|I|IV|I|V|bVII|I|V|bVII|IV|I|bVII|IV|I|IV|V|I|IV|V|I|IV|V|I|IV|I|IV|I|V|bVII|I|V|bVII|IV|I|bVII|IV|I|IV|V|I|IV|V|I|IV|V|I|IV|I|IV|I|V|bVII|I|V|bVII|IV|I|bVII|IV|I|IV|V|I|IV|V|I|IV|V|I|IV|I|IV|I|IV|V|I|IV|V|I|IV|V|I|IV|V|I|IV|V|I|IV|V|I|IV|V|I
300,Here I Go Again,Whitesnake,1987-09-26,I|V|IV|I|V|IV|I|V|IV|I|V|IV|I|V|IV|ii|V|ii|V|vi|ii|IV|I|vi|ii|IV|V|I|V|IV|I|V|IV|I|V|IV|ii|V|ii|V|IV|V|I|IV|V|IV|V|I|IV|V|IV|V|I|IV|V|IV|ii|V|ii|V|IV|V|I|V|IV|V|I|V|IV|V|I|V|IV|ii|V|ii|V|IV|V|I|IV|V|IV|V|I|IV|V|IV|V|I|IV|V|IV|ii|V|ii|V|IV|V|vi|ii|vi|ii|vi|ii|vi|ii|IV|V|I|V|IV|V|I|V|IV|V|I|V|IV|ii|V|ii|V|IV|V|I|IV|V|IV|V|I|IV|V|IV|V|I|IV|V|IV|ii|V|ii|V|IV|V|I|IV|V|IV|V|I|IV|V|IV|V|I|IV|V|IV|ii|V|ii|V|IV|V|I|IV|V|IV|V|I|IV|V|IV|V|I|IV|V|IV
304,The Humpty Dance,Digital Underground,1990-04-28,I
307,Cruisin',Smokey Robinson,1980-03-01,I|ii|I|ii|I|ii|I|ii|I|ii|I|ii|I|ii|I|ii|I|IV|bVII|V|I|IV|bVII|V|I|ii|I|ii|I|ii|I|ii|I|ii|I|ii|I|ii|I|ii|I|IV|bVII|V|I|IV|bVII|V|I|ii|I|ii|I|ii|I|ii|I|ii|I|ii|I|ii|I|ii|I|ii|I|ii|I|ii|I|ii|I|IV|bVII|V|I|IV|bVII|V|I|IV|bVII|V|I|IV|bVII|V|I
314,I Got You (I Feel Good),James Brown,1965-11-27,I|IV|I|V|IV|I|IV|I|V|IV|I|IV|I|IV|V|I|IV|I|V|IV|I|IV|I|IV|V|I|IV|I|V|IV|I|IV|I|V|IV|I|V|IV|I|V|IV|I
315,Come And Get Your Love,Redbone,1974-02-16,I|ii|V|I|vi|ii|V|I|vi|ii|V|I|vi|ii|V|I|vi|ii|V|I|vi|ii|V|I|vi|ii|V|I|vi|ii|V|I|vi|ii|V|I|vi|ii|V|I|vi|ii|V|I|vi|ii|V|I|vi|ii|V|I|vi|ii|V|I|vi|ii|V|I|vi|ii|V|I|vi|ii|V|I|vi|ii|V|I|vi|ii|V|I|vi|ii|V|I|vi|ii|V|I|vi|ii|V|I|vi|ii|V|I|vi|ii|V|I|vi|ii|V|I|vi|ii|V|I|vi|ii|V|I|vi|ii|V|I|vi|ii|V|I|vi|ii|V|I|vi|ii|V|I|vi|ii|V|I|vi|ii|V|I|vi|ii|V|I|vi|ii|V|I|vi|ii|V|I|vi|I|ii|V|I|vi|ii|V|I|vi|ii|V|I|vi|ii|V|I|vi|ii|V|I|vi|ii|V|I|vi
322,Bird Dog,The Everly Brothers,1958-12-01,I|IV|bVII|V|I|IV|bVII|V|I|IV|I|V|IV|I|IV|bVII|V|I|IV|I|V|IV|I|IV|bVII|V|IV|I|V|IV|I|IV|I|V|IV|I|IV|bVII|V|I|IV|bVII|V|I|IV|I|V|IV|I|IV|bVII|V|IV|I|V|IV|I|IV|I|V|IV|I|IV|bVII|V|I|IV|bVII|V|I|IV|bVII|V|I|IV|bVII
324,When Will I Be Loved,Linda Ronstadt,1975-07-26,I|IV|V|I|IV|V|I|IV|V|I|IV|V|I|IV|V|I|IV|V|IV|I|IV|V|vi|V|I|IV|V|I|IV|V|I|IV|V|I|IV|V|I|IV|V|I|IV|V|I|IV|V|IV|I|IV|V|vi|V|I|IV|V|I|IV|V|I|IV|V|I|IV|V|I|IV|V|I|IV|V|I|IV|V|IV|I
331,Jungle Boogie,Kool & The Gang,1974-01-19,i
334,Somebody s Watching Me,Rockwell,1984-01-28,i|VI|VII|i|VI|VII|i|VI|VII|i|VI|VII|i|VI|i|VI|VII|i|VI|i|VI|VII|i|VI|VII|i|VI|VII|i|VI|VII|i|VI|VII|i|VI|i|VI|VII|i|VI|VII|i|VI|VII|i|VI|VII|i|VI|VII|i|VI|VII|i|VI|VII|i|VI|VII|i|VI|VII|i|VI|VII|i|VI|VII|i|VI|VII|i|VI|VII|i|VI|VII|i|VI|VII|i|VI|VII|i|VI|i|VI|i|VI|VII|i|VI|VII|i|VI|VII|i|VI|VII|i|VI|VII|i|VI|VII|i|VI|VII|i|VI|VII|i|VI|VII|i|VI|VII|i|VI|VII|i|VI|VII|i|VI|VII|i|VI|VII|i|VI|VII|i|VI|VII|i|VI|VII|i|VI|VII|i|VI|VII|i|VI|VII|i|VI|VII
347,Sunflower,Glen Campbell,1977-07-23,I|IV|I|IV|I|IV|I|IV|I|IV|I|IV|I|V|I|IV|I|IV|V|I|IV|I|IV|I|V|I|IV|I|IV|I|V|I|IV|I|IV|V|I|IV|I|IV|I|V|I|IV|I|IV|I|V|I|IV|I|IV|V|I|IV|I|IV|I|V|I|IV|I|IV|V|I|V|I|IV|I|IV|I|V|I|IV|I|IV|V
348,The Best,Tina Turner,1989-11-04,I|vi|IV|I|vi|IV|V|I|vi|IV|vi|V|I|vi|IV|vi|V|I|vi|IV|V|I|vi|IV|vi|V|I|vi|IV|vi|V|IV|vi|IV|V|VI|I|vi|IV|vi|V|I|vi|IV|vi|V|I|vi|IV|vi|V|I|V|I|vi|IV|vi|V|I|vi|IV|vi|V|I|vi|IV|vi|V|I
352,Good Vibrations,Marky Mark,1991-11-09,I|ii|bVII|I|ii|bVII|I|ii|bVII|I|ii|bVII|I|ii|bVII|I|ii|bVII|I|ii|bVII|I|ii|bVII|I|ii|bVII|I|ii|bVII|I|ii|bVII|I|ii|bVII|I|ii|bVII|I|ii|bVII|I|ii|bVII|I|ii|bVII|I|ii|bVII|I|ii|bVII|I|ii|bVII|I|ii|bVII|I|ii|bVII|I|ii|bVII|I|ii|bVII|I|ii|bVII|I|ii|bVII|I|ii|bVII|I|ii|bVII|I|ii|bVII|I|ii|bVII|I|ii|bVII|I|ii|bVII|I|ii|bVII|I|ii|bVII|I|ii|bVII|I|ii|bVII|I|ii|bVII|I|ii|bVII|I|ii|bVII|I|ii|bVII|I|ii|bVII|I|ii|bVII|I|ii|bVII|I|ii|bVII|I|ii|bVII|I|ii|bVII|I|ii|bVII|I
353,I Can't Drive 55,Sammy Hagar,1984-11-17,
356,Dum Dum,Brenda Lee,1961-07-03,I|IV|I|V|I|IV|I|IV|I|IV|I|V|I|IV|I|IV|I|IV|V|I|IV|I|IV|I|IV|I|V|I|IV|I|IV|I|IV|V|I|IV|I|IV|I|IV|I|V|I|IV|I|IV|I|IV|I|V|I|IV|I|IV|I|IV|V|I|IV|I|IV|I|IV|I|V|I|IV|I|IV|I|IV|I|V
358,Superman,Donna Fargo,1973-02-24,V|IV|I|IV|I|V|I|IV|V|IV|I|V|IV|I|IV|I|V|IV|I|IV|I|V|IV|I|V|IV|I|V|IV|I|IV|I|V|I|IV|V|IV|I|V|IV|I|IV|I|V|IV|I|IV|I|V|IV|I|V|IV|I|IV|I|V|IV|I|IV|I|V|IV|I
359,Just Like Heaven,The Cure,1988-02-13,I|V|ii|IV|I|V|ii|IV|I|V|ii|IV|I|V|ii|IV|I|V|ii|IV|I|V|ii|IV|I|V|ii|IV|I|V|ii|IV|I|V|ii|IV|I|V|ii|IV|I|V|ii|IV|I|V|ii|IV|I|V|ii|IV|I|V|ii|IV|I|V|ii|IV|I|V|ii|IV|I|V|ii|IV|I|V|ii|IV|I|V|ii|IV|I|V|ii|IV|I|V|ii|IV|I|V|ii|IV|I|V|ii|IV|I|V|ii|IV|I|V|ii|IV|I|V|ii|IV|I|V|ii|IV|I|V|ii|IV|I|V|ii|IV|I|V|ii|IV|I|V|ii|IV|I|V|ii|IV|I|V|ii|IV|I|V|ii|IV|I|V|ii|IV|I|V|ii|IV|I|V|ii|IV|I|V|ii|IV|vi|bVII|vi|bVII|vi|bVII|IV|I|V|ii|IV|I|V|ii|IV|I|V|ii|IV|I|V|ii|IV|I|V|ii|IV|I|V|ii|IV|I|V|ii|IV|I|V|ii|IV|I|V|ii|IV|I|V|ii|IV|I|V|ii|IV|I|V|ii|IV|I|V|ii|IV|I|V|ii|IV|I|V|ii|IV|I|V|ii|IV|vi|bVII|vi|bVII|vi|bVII|IV
364,Evil Ways,Santana,1970-04-04,i|IV|i|IV|i|IV|i|IV|i|IV|i|IV|i|IV|i|IV|i|IV|i|IV|i|IV|i|IV|i|IV|i|IV|i|IV|i|IV|i|IV|i|IV|i|IV|i|IV|V|i|IV|i|IV|i|IV|i|IV|i|IV|i|IV|i|IV|i|IV|i|IV|i|IV|i|IV|i|IV|i|IV|i|IV|i|IV|i|IV|V|i|IV|i|IV|i|IV|i|IV|i|IV|i|IV|i|IV|i|IV|i|IV|i|IV|i|IV|i|IV|i|IV|i|IV|i|IV|i|IV|i|IV|i|IV|i|IV|i|IV|i|IV|i|IV|i|IV|i|IV|i|IV|i|IV|i|IV|i|IV|i|IV|i|IV|i|IV|i|IV|i|IV|i|IV|i|IV|i|IV|i|IV|i|IV|i|IV|i|IV|V|i|IV|i|IV|i|IV|i|IV|i|IV|i|IV|i|IV|i|IV|i|IV|i|IV|i|IV|i|IV|i|IV|i|IV|i|IV|i|IV|i|IV|i|IV|i|IV|i|IV|i|IV|i|IV|i|IV|i|IV|i|IV|i|IV|i|IV|i|IV|i|IV|i|IV|i|IV|i|IV
372,Scarlet Fever,Kenny Rogers,1983-08-20,I|IV|I|IV|V|I|IV|V|I|IV|I|IV|V|I|IV|V|I|V|IV|I|IV|V|I|IV|V|I|IV|V|I|IV|ii|V|I|IV|V|I|IV|ii|V|I|IV|I|IV|V|I|IV|V|I|IV|I|IV|V|I|IV|V|I|IV|V|I|IV|ii|V|I|IV|V|I|IV|ii|I
383,Sunshine Superman,Donovan,1966-08-13,I|IV|I|V|IV|I|IV|I|V|IV|I|IV|I|V|IV|I|V|IV|I|IV|I|V|IV|I|IV|I|V|IV|I|V|IV|I
390,Young Hearts Run Free,Candi Staton,1976-06-26,I|IV|I|IV|I|IV|I|IV|I|vi|I|vi|I|IV|I|IV|I|IV|I|IV|I|vi|I|vi|IV|ii|IV|ii|IV|ii|IV|ii|IV|I|vi|IV|I|IV|ii|IV|ii|IV|ii|IV|ii|IV|I|vi|IV|I|vi|I|IV|I|IV|I|IV|I|IV|I|vi|I|vi|I|IV|I|IV|I|IV|I|IV|I|vi|I|vi|IV|ii|IV|ii|IV|ii|IV|I|vi|IV|I|IV|ii|IV|ii|IV|ii|IV|I|vi|IV|I|vi|IV|ii|IV|ii|IV|ii|IV|I|vi|IV|I|IV|ii|IV|ii|IV|ii|IV|I|vi|IV|I|vi|IV|ii|IV|ii|IV|ii|IV|I|vi|IV|I
391,It's Your Thing,The Isley Brothers,1969-06-07,I|IV|I|IV|I|IV|I|IV|I|IV|I|IV|I|IV|I|IV|I|IV|I|IV|I|IV|I|IV|I|IV|I|IV|I|IV|I|IV|I|IV|I|IV|I|IV|I|IV|I|IV|I|IV|I|IV|I|IV|I|IV|I|IV|I|IV|I|IV|I|IV|I|IV|I|IV|I|IV|I|IV|I|IV|I|IV|I|IV|I|IV|I|IV
396,Fever,Peggy Lee,1958-09-22,i|V|i|V|i|V|i|V|i|V|i|V|i|V|i|V|i|V|i|V|i|V|i|V|i|V|i|V|i|V|i|V|i|V|i|V|i|V|i
397,Kozmic Blues,Janis Joplin,1969-12-27,i|iv|i|VI|VII|VI|VII|i|V|i|iv|i|VI|VII|VI|VII|i|V|I|ii|IV|I|ii|IV|i|iv|i|VI|VII|VI|VII|i|I|ii|IV|I|ii|IV|I|ii|IV|I|ii|IV|I|ii|IV|I|ii|IV|I|ii|IV|I|ii|IV|I|ii|IV|I|ii|IV|I|ii|IV|I|ii|IV|I|ii|IV|I
417,"(You're So Square) Baby, I Don't Care",Joni Mitchell,1982-12-11,V|I|IV|I|IV|I|IV|I|IV|I|IV|I|IV|I|IV|V|I|IV|I|IV|I|IV|I|IV|I|IV|I|IV|V|I|IV|I|IV|V|I|IV|I|IV|I|IV|I|IV|I|IV|I|IV|V|IV|I|IV|I|IV|I|IV|I|IV|I|IV|I|IV|I|IV|V|IV|V|IV|V|IV|V|IV
418,Chain Of Fools,Aretha Franklin,1967-12-23,I
425,See See Rider,LaVern Baker,1963-02-02,I|IV|I|V|I|IV|I|V|IV|I|IV|I|V|I|IV|I|V|IV|I|IV|I|V|I|IV|I|IV|I|IV|I|IV|I|IV|I|IV|I|IV|I|V|IV|I|IV|I|IV|I|IV|I|V|IV|I|IV|I|V|I|IV
426,I m Goin  Down,Bruce Springsteen,1985-11-09,I|V|vi|IV|I|V|vi|IV|I|V|vi|IV|I|V|vi|IV|I|V|vi|IV|I|V|vi|IV|I|V|vi|IV|I|V|vi|IV|I|V|vi|IV|I|V|vi|IV|I|V|vi|IV|I|V|vi|IV|I|V|vi|IV|I|V|vi|IV|I|V|vi|IV|I|V|vi|IV|I|V|vi|IV|I|V|vi|IV|I|V|vi|IV|I|V|vi|IV|I|V|vi|IV|I|V|vi|IV|I|V|vi|IV
429,Put Your Hand In The Hand,Ocean,1971-05-29,I|V|ii|V|I|IV|I|vi|ii|IV|I|IV|I|V|I|V|ii|V|I|IV|I|vi|ii|IV|I|IV|I|V|ii|V|I|IV|I|vi|ii|IV|I|IV|I|V|I|V|I|IV|I|vi|ii|IV|I|IV|I|V|I|V|ii|V|I|IV|I|vi|ii|IV|I|IV|I|V|I|V|ii|V|I|IV|I|vi|ii|IV|I|IV|I|V
439,Ruby Baby,Dion,1963-02-09,I|IV|I|V|IV|I|IV|I|V|IV|I|IV|I|V|IV|I|IV|I|V|IV|I|IV|I|V|IV|I
451,Got It Made,"Crosby, Stills, Nash",1989-03-11,IV|vi|V|IV|vi|V|IV|vi|V|IV|vi|V|I|IV|I|V|I|V|IV|bVII|IV|V|I|V|I|IV|I|V|I|V|IV|V|IV|vi|V|I|IV|vi|V|I|IV|vi|V|I|bVII|IV|I|V|bVII|IV|I|V|bVII|IV|V|IV|vi|V|IV|vi|V|IV|vi|V|IV|vi|V|IV|vi|V|IV|vi|V|I|IV|I|V|I|V|IV|bVII|IV|V|I|IV|I|V|I|V|IV|V|IV|vi|V|I|IV|vi|V|I|IV|vi|V|I|bVII|IV|I|V|bVII|IV|I|V|bVII|IV|V|IV|vi|V|IV|vi|V|IV|vi|V|IV|vi|V|IV|vi|V|IV|vi|V|IV|vi|V|IV|vi|V|IV|vi|V|IV|vi|V|IV|vi|V|IV|vi|V|IV|vi|V|IV|vi|V|IV|vi|V|IV|vi|V|IV|vi|V|IV|vi|V|I|IV|I|V|I|V|IV|bVII|IV|V|I|IV|I|V|I|V|IV|V|IV|vi|V|I|IV|vi|V|I|IV|vi|V|I|bVII|IV|I|V|bVII|IV|I|V|bVII|IV|V|IV|vi|V|IV|vi|V|IV|vi|V|IV|vi|V|IV|vi|V|IV|vi|V|IV|vi|V|IV|vi|V|IV|vi|V|IV|vi|V|IV|vi|I
452,Don't Say You Love Me,Billy Squier,1989-07-15,I|IV|I|IV|I|IV|I|IV|I|IV|I|IV|I|IV|I|IV|bVII|IV|I|IV|I|IV|I|IV|I|IV|I|IV|I|IV|bVII|IV|I|IV|I|IV|bVII|IV|I|IV|I|IV|I|IV|I|IV|I|IV|I|IV|I|IV|bVII|IV|I|IV|I|IV|I|IV|I|IV|I|IV|bVII|IV|I|IV|I|IV|bVII|IV|I|IV|I|IV|I|IV|I|IV|I|IV|I|IV|I|IV|I|IV|I|IV|bVII|IV|I|IV|I|IV|bVII|IV|I|IV|I|IV|I|IV|I|IV|ii|IV|bVII|VI|bVII|IV|ii|IV|bVII|VI|bVII|IV|ii|IV|bVII|VI|bVII|IV|I|IV|I|IV|I|IV|I|IV|I|IV|I|IV|I|IV|I|IV|I|IV|I|IV|I|IV|I|IV|I|IV|I|IV|I|IV|I|IV|I|IV|I|IV|I|IV|I|IV|bVII|IV
455,Walk On The Wild Side (Part 1),Jimmy Smith,1962-06-09,I|V|I|V|I|IV|I|IV|V|I|V|I|IV|I|IV|I|IV|I|IV|I|V|I|IV|I|IV|V|I|V|I|IV|I|V|IV|I|IV|I|V|IV|I|IV|I|V|IV|I|IV|I|V|IV|I|IV|I|V|IV|I|V|IV|I|V|IV|I|IV|I|V|IV|I|IV|I|V|IV|I|IV|I|IV|V|I|V|I
456,With A Little Luck,Paul McCartney,1978-07-22,IV|I|IV|bVII|vi|IV|I|IV|I|IV|vi|ii|VI|ii|VI|ii|VI|ii|VI|ii|VI|bVII|IV|I|IV|I|IV|vi|ii|VI|ii|VI|ii|VI|ii|VI|ii|VI|bVII|IV|I|IV|I|IV|vi|I|IV|I|IV|I|IV|I|IV|I|IV|I|IV|bVII|vi|IV|I|bVII|vi|IV|I|bVII|vi|IV|I|bVII|vi|IV|I|IV|I|IV|I|IV|vi|ii|VI|ii|VI|ii|VI|ii|VI|ii|VI|bVII|IV|I|IV|I|IV|I|IV|I|IV|bVII|vi|IV|I|bVII|vi|IV|I
457,Not Fade Away,The Rolling Stones,1964-06-13,I|IV|bVII|IV|I|IV|I|IV|bVII|IV|I|IV|bVII|IV|I|IV|I|IV|bVII|IV|I|IV|bVII|IV|bVII|IV|I|IV|I|IV|I|IV|bVII|IV|bVII|IV|I|IV|I|IV|I|IV|bVII|IV|I|IV|I|IV|bVII|IV|I|IV|I|IV|I
463,Seasons Of The Heart,John Denver,1982-08-21,I|IV|I|IV|I|IV|V|I|IV|V|I|IV|V|I|IV|V|I|IV|V|I|IV|V|I|IV|V|I|IV|V|I|IV|I|V|I|IV|V|I|IV|V|I|IV|V|I|IV|V|I|IV|V|I|IV|V|I|IV|V|I|IV|V|I|IV|V|I|IV|I
468,Ain't Too Proud To Beg,The Temptations,1966-08-20,IV|I|IV|I|IV|I|IV|I|IV|I|IV|I|IV|I|IV|I|IV|I|IV|I|IV|I|IV|I|V|I|IV|I|IV|I|IV|I|IV|I|IV|I|IV|I|IV|I|IV|I|V|I|IV|I|IV|I|IV|I|IV|I|IV|I|IV|I|IV|V|I|IV|I|IV|I|IV|I|IV|I|IV|I|IV|I|IV|V|I|V|I|IV|I|IV|I|IV|I|IV|I|IV|I|IV|I|IV|I|IV|I|IV|I|IV|I|IV|I|IV
472,Sweet Music Man,Kenny Rogers,1978-01-28,I|ii|V|I|IV|V|I|IV|I|V|I|IV|I|V|I|IV|V|I|IV|V|I|IV|V|I|V|vi|iv|I|V|I|IV|I|V|I|IV|I|V|I|IV|V|I|IV|V|I|IV|V|I|V|vi|iv|I|V|I|V|I|bVII|IV|V|I
477,Carrie-Anne,The Hollies,1967-08-26,I|V|I|V|I|V|I|V|I|IV|I|IV|I|IV|I|IV|I|IV|I|IV|I|IV|V|I|IV|V|I|IV|V|I|IV|V|I|IV|V|I|IV|I|IV|I|IV|I|IV|I|IV|I|IV|I|IV|V|I|IV|V|I|IV|V|I|IV|V|I|IV|V|IV|bVII|IV|bVII|V|I|IV|I|IV|I|IV|I|IV|I|IV|I|IV|I|IV|V|I|IV|V|I|IV|V|I|IV|V|I|IV|V|I|IV|I|IV|I|IV|I|IV|I|IV|I|IV|I|IV|V|I|IV|V|I|IV|V|I|IV|V|I|IV|V|IV|I|V|I
480,Give It To Me Baby,Rick James,1981-06-27,bVII|I|bVII|I|bVII|I|bVII|I|bVII|I|bVII|I|bVII|I|bVII|I|bVII|I|bVII|I|bVII|I|bVII|I|bVII|I|bVII|I|bVII|I|bVII|I|bVII|I|bVII|I|bVII|I|bVII|I|bVII|I|bVII|I|bVII|I|bVII|I|bVII|I|bVII|I|bVII|I|bVII|I|bVII|I|bVII|I|bVII|I|bVII|I|bVII|I|bVII|I|bVII|I|bVII|I|bVII|I|bVII|I|bVII
494,I Don't Need You,Kenny Rogers,1981-10-10,I|V|I|V|IV|I|IV|V|IV|V|I|V|I|V|IV|I|ii|V|IV|V|IV|I|V|I|V|I|IV|I|IV|V|I|V|I|V|IV|I|IV|V|IV|V|I|V|I|V|IV|I|ii|V|IV|V|IV|I|V|I|V|I|IV|I|IV|V|I|V|I|IV|I|IV|V|I
497,City In The Sky,The Staple Singers,1974-08-31,I|i|I|IV|I|IV|I|V|IV|I|IV|I|IV|I|V|IV|I|IV|I|IV|I|V|IV|I
500,The Battle Of New Orleans,Johnny Horton,1959-04-27,I|IV|V|I|IV|V|I|IV|V|I|V|I|V|I|IV|V|I|IV|V|I|V|I|V|I|IV|V|I|IV|V|I|V|I|V|I|V|I|V|I|IV|V|I|IV|V|I|V|I|V|I|V|I|V|I
507,Still,Commodores,1980-01-19,I|ii|I|ii|I|IV|V|I|IV|V|I|ii|V|IV|ii|V|I|ii|V|IV|ii|V|I|bVII|I|IV|V|IV|ii|V|I|bVII|I|IV|V|IV|I|ii|V|I|IV|V|I|ii|V|IV|ii|V|I|bVII|I|IV|V|IV|ii|V|I|bVII|I|IV|V|IV|ii|V|I|bVII|I|IV|V|IV|I|ii|V|I
510,How Blue Can You Get,B.B. King,1964-03-28,I|IV|I|V|I|IV|I|IV|I|V|IV|I|V|I|IV|I|IV|I|V|IV|I|V|I|V|IV|I|V|IV|I|V|I
512,Going To A Go-Go,The Rolling Stones,1982-06-12,I|bVII|IV|I|bVII|I|bVII|IV|I|bVII|I|bVII|IV|I|bVII|I|bVII|IV|I|bVII|I|bVII|IV|I|bVII|I
528,Crystal Blue Persuasion,Tommy James,1969-07-05,I|ii|I|ii|I|ii|IV|I|ii|I|ii|I|ii|I|ii|I|ii|I|ii|I|ii|I|ii|IV|I|ii|I|ii|I|ii|I|ii|I|ii|I|ii|I|ii|I|ii|IV|I|bVII|IV|I|bVII|ii|I|ii|I|ii|I|ii|IV|I|ii|I|ii|I|ii|I|ii|I|ii|I|ii|I|IV|ii|I|ii|I|ii|I|ii|I|ii|I|ii|I|ii|I|ii|I|ii|I|ii|I|ii|I|ii|I|ii
530,This House,Tracie Spencer,1990-12-22,i|VII|VI|i|VII|VI|i|VII|VI|i|VII|VI|i|VII|VI|i|VII|VI|i|VII|VI|i|VII|VI|i|VII|VI|i|VII|VI|i|VII|VI|i|VII|VI|i|VII|VI|i|VII|VI|i|VII|VI|i|VII|VI|i|VII|VI|i|VII|VI|i|VII|VI|i|VII|VI|i|VII|VI|i|VII|VI|i|VII|VI|i|VII|VI|i|VII|VI|i|VII|VI|i|VII|VI|i|VII|VI|i|VII|VI|i|VII|VI|i|VII|VI|i|VII|VI|VII|i|VI|VII|i|VI|VII|i|VI|VII|i|VI|VII|i|VI|VII|i|VII|VI|i|VII|VI|i|VII|VI|i|VII|VI|i|VII|VI|i|VII|VI|i|VII|VI|i|VII|VI|i|VII|VI|i|VII|VI|i|VII|VI|i|VII|VI|i|VII|VI|i|VII|VI|i|VII|VI|i|VII|VI|i|VII|VI|i|VII|VI|i|VII|VI|i|VII|VI|i|VII|VI|i|VII|VI
531,Running Up That Hill,Kate Bush,1985-12-14,i|VI|VII|i|VI|VII|i|VI|VII|i|VI|VII|i|VI|VII|i|VI|VII|iv|i|iv|i|iv|VI|VII|i|VI|VII|i|VI|VII|i|VI|VII|i|VI|VII|i|VI|VII|i|VI|VII|i|VI|VII|i|VI|VII|i|VI|VII|iv|i|iv|i|iv|i|iv|VI|VII|i|VI|VII|i|VI|VII|i|VI|VII|i|iv|i|iv|i|iv|i|iv|VI|VII|i|VI|VII|i|VI|VII|i|VI|VII|i|VI|VII|i|VI|VII|i|VI|VII|i|VI|VII|i|VI|VII|i|VI|VII|i|VI|VII|i
549,Double Shot (Of My Baby's Love),Swingin' Medallions,1966-04-30,I|vi|I|vi|I|vi|I|V|I|vi|IV|V|I|vi|IV|V|I|vi|IV|V|I|vi|IV|V|I|V|I|vi|I|vi|I|vi|IV|V|I|V|I|vi|I|vi|I|vi|I|V|I|vi|IV|V|I|vi|IV|V|I|vi|IV|V|I|vi|IV|V|I|V|I|vi|I|vi|I|vi|IV|V|I|V|I|vi|I|vi|I|vi|I|vi|I|vi|I|vi
560,Cecilia,Simon & Garfunkel,1970-05-30,V|IV|I|IV|I|IV|I|V|I|IV|I|IV|I|V|IV|I|IV|I|IV|I|V|I|V|I|V|I|IV|I|IV|I|V|IV|I|IV|I|IV|I|V|I|V|I|IV|I|IV|I|V|IV|I|IV|I|IV|I|V|I|IV|I|IV|I|V|IV|I|IV|I|IV|I|V|IV|I|IV|I|IV|I|V|IV|I|IV|I|IV|I|V|IV|I|IV|I|IV|I|V|IV|I|IV|I|IV|I|V|IV|I|IV|I|IV|I|V
561,Boulevard,Jackson Browne,1980-08-16,IV|I|IV|I|V|IV|V|IV|I|IV|I|IV|I|V|IV|V|IV|I|IV|I|IV|I|V|IV|V|IV|I|IV|I|IV|I|V|IV|V|IV|I|V|vi|V|vi|IV|I|IV|I|V|IV|V|IV|I|IV|I|IV|I|V|IV|V|IV|I|IV|I|IV|I|V|IV|V|IV|I|IV|I|IV|I|V|IV|V|IV|I|V|vi|V|vi|IV|V|IV|V|IV|V|IV|V|IV|I|IV|I|V|IV|V|IV|I|IV|I|IV|I|V|IV|V|IV|I|IV|I|IV|I|V|IV|V|IV|I|IV|I|IV|I|V|IV|V|IV|I|V|vi|V|vi|IV|V|IV|V|IV|V|IV|V|IV|I|IV|I|V|IV|V|IV|I|IV|I|IV|I|V|IV|V|IV|I|IV|I|IV|I|V|IV|V|IV|I|IV|I|IV|I|V|IV|V|IV|I|IV|I|IV|I|V|IV|V|IV|I|IV|I|IV|I
570,Six Days On The Road,Dave Dudley,1963-06-15,I|V|I|V|IV|V|I|IV|I|V|I|V|I|V|IV|V|I|IV|I|V|I|V|I|V|IV|V|I|IV|I|V|I|V|I|V|I|V|IV|V|I|IV|I|V|I|V|I|V|IV|V|I|IV|I|V|I|V|I|V|I
571,Quarter To Three,Gary U.S. Bonds,1961-05-29,I|vi|IV|V|I|vi|IV|V|I|vi|IV|V|IV|I|IV|V|I|vi|IV|V|I|vi|IV|V|I|vi|IV|V|IV|I|IV|V|I|vi|IV|V|I|vi|IV|V|I|vi|IV|V
572,"Tarzan Boy (From ""Teenage Mutant Ninja Turtles III"")",Baltimora,1986-01-18,I|V|vi|IV|V|I|V|vi|IV|V|I|V|vi|IV|V|I|V|vi|IV|V|I|vi|IV|V|vi|IV|V|vi|IV|V|vi|V|I|vi|IV|V|vi|IV|V|vi|IV|V|vi|V|I|V|vi|IV|V|I|V|vi|IV|V|I|V|vi|IV|V|I|V|vi|IV|V|I|IV|V|IV|V|IV|V|vi|I|V|vi|IV|V|I|V|vi|IV|V|I|vi|IV|V|vi|IV|V|vi|IV|V|vi|V|I|vi|IV|V|vi|IV|V|vi|IV|V|vi|V|I|IV|V|IV|V|IV|V|vi|I|V|vi|IV|V|I|V|vi|IV|V|I|V|vi|IV|V|I|V|vi|IV|V|I
577,Let's Work Together,Canned Heat,1970-10-10,V|IV|I|IV|I|V|IV|I|IV|I|V|IV|I|IV|I|V|IV|I|IV|I|V|IV|I|IV|I|V|IV|I|IV|I|V|IV|I|V|IV|I|V|IV|I
580,I Found A Love,The Falcons,1962-05-26,I|IV|I|V|vi|I|IV|I|IV|I|V|vi|I|IV|I|IV|I|V|vi|I|IV|I|V|vi|I|IV|I|IV|I|V|vi|I|IV|I|IV|I|V|I|V|vi|I
585,Too Weak To Fight,Clarence Carter,1968-12-07,I|V|IV|V|I|IV|I|IV|I|IV|vi|IV|I|IV|I|IV|I|V|vi|V|IV|V|vi|V|I|IV|I|IV|I|IV|vi|IV|I|IV|I|IV|I|V|vi|V|IV|V|vi|V|I|IV|I|IV|I|IV|I|IV|I|IV|I|IV|I|IV|I|IV
589,Southern Cross,"Crosby, Stills & Nash",1982-10-09,I|bVII|IV|I|bVII|IV|I|bVII|IV|I|bVII|IV|I|bVII|IV|I|bVII|IV|I|bVII|IV|I|bVII|IV|I|bVII|IV|I|bVII|IV|ii|I|IV|I|IV|V|IV|I|IV|V|IV|I|IV|V|I|IV|V|I|IV|V|I|IV|V|I|IV|V|I|bVII|IV|I|bVII|IV|I|bVII|IV|I|bVII|IV|I|bVII|IV|I|bVII|IV|I|bVII|IV|I|bVII|IV|I|bVII|IV|I|bVII|IV|ii|I|IV|I|IV|V|IV|I|IV|V|IV|I|IV|V|I|IV|V|I|IV|V|I|IV|V|I|IV|V|I|bVII|IV|I|bVII|IV|I|bVII|IV|I|bVII|IV|I|bVII|IV|I|bVII|IV|I|bVII|IV|I|bVII|IV|I|bVII|IV|I|bVII|IV|I|bVII|IV|I|bVII|IV
591,The Long Run,Eagles,1980-03-15,I|IV|I|IV|I|IV|I|IV|vi|IV|I|IV|I|IV|vi|IV|I|IV|I|V|I|IV|I|IV|vi|IV|I|IV|I|IV|vi|IV|I|IV|I|V|I|IV|I|V|I|IV|I|IV|I|IV|I|IV|I|IV|I|IV
592,All She Wants Is,Duran Duran,1989-03-04,i
598,Wish Someone Would Care,Irma Thomas,1964-04-25,vi|I|vi|I|vi|IV|V|I|vi|IV|V|I|vi|I|vi|V|I|vi|I|vi|I|vi|I|vi|IV|V|I|vi|I|vi
605,The Thrill Is Gone,B.B. King,1970-03-28,i|iv|i|VI|V|i|iv|i|VI|V|i|iv|i|VI|V|i|iv|i|VI|V|i|iv|i|VI|V|i|iv|i|VI|V|i|iv|i|VI|V|i|iv
608,Harden My Heart,Quarterflash,1982-03-06,i|VI|VII|VI|VII|i|VI|VII|VI|VII|i|VII|i|VII|VI|VII|i|VII|VI|i|VII|VI|VII|i|VII|VI|VII|i|VII|VI|i|VII|i|VII|VI|VII|i|VII|VI|i|VII|VI|VII|i|VII|VI|VII|i|VII|VI|i|VI|VII|VI|VII|i|VI|VII|VI|VII|i|VII|i|VII|VI|VII|i|VII|VI|i|VII|VI|VII|i|VII|VI|VII|i|VII|VI|i|VII|i|VII|i|VII|i|VII|i|VII|i|VII
615,Hot Child In The City,Nick Gilder,1978-09-23,I|IV|V|I|IV|V|I|IV|V|I|IV|V|I|IV|V|I|IV|V|I|IV|I|IV|I|IV|I|IV|I|IV|I|IV|I|IV|I|IV|I|IV|V|I|IV|V|I|IV|V|I|IV|V|I|IV|I|IV|I|IV|I|IV|I|IV|I|IV|I|IV|I|IV|I|IV|V|I|IV|I|IV|V|I|IV|V|ii|IV|I|V|ii|IV|I|IV|I|IV|I|IV|I|IV|I|IV|I|IV|I|IV|I|IV|I
617,(Marie's the Name) His Latest Flame,Elvis Presley,1961-09-04,I|vi|I|vi|I|vi|I|vi|I|vi|I|vi|I|vi|IV|V|I|vi|I|vi|I|vi|I|vi|I|vi|I|vi|IV|V|I|vi|I|vi|V|IV|V|IV|V|IV|V|IV|V|IV|V|IV|V|IV|I|vi|I|vi|I|vi|I|vi|I|vi|I|vi|IV|V|I|vi|I|vi|V|IV|V|IV|V|IV|V|IV|V|IV|V|IV|V|IV|I|vi|I|vi|I|vi|I|vi|I|vi|I|vi|IV|V|I|vi|IV|V|I|vi|IV|V|I|vi|IV|V
620,"Twistin  The Night Away (From ""Innerspace"")",Rod Stewart,1987-07-25,I|vi|IV|V|I|vi|IV|V|I|vi|IV|V|I|vi|IV|V|I|vi|IV|V|I|vi|IV|V|I|vi|IV|V|I|vi|IV|V|I|IV|V|I|IV|V|I|vi|V|I|vi|IV|V|I|vi|IV|V|I
629,Beat It,Michael Jackson,1983-04-02,i|VII|i|VII|i|VII|i|VII|i|VII|i|VII|VI|VII|i|VII|i|VII|i|VII|VI|VII|i|VII|i|VII|i|VII|i|VII|i|VII|i|VII|i|VII|i|VII|i|VII|VI|VII|i|VII|i|VII|i|VII|VI|VII|i|VII|i|VII|i|VII|i|VII|i|VII|i|VII|i|VII|i|VII|i|VII|i|VII|i|VII|VI|VII|i|VII|i|VII|i|VII|VI|VII|i|VII|i|VII|i|VII|i|VII|i|VII|i|VII|i|VII|i|VII|i|VII|i|VII|i|VII|i|VII|i|VII|i|VII|i|VII|i|VII|i|VII|i|VII|i|VII
634,Brass Monkey,Beastie Boys,1987-04-25,
638,Out Of My Mind,Johnny Tillotson,1963-05-04,I|IV|V|IV|I|IV|V|I|IV|I|V|I|IV|I|V|I|IV|V|IV|I|IV|V|I|IV|I|V|I|IV|I|V|I
640,Think,James Brown,1973-06-09,I|V|IV|I|V|I|V|I|V|IV|I|V|I|V|I|V|IV|I|V|I|V|I|V|IV|I|V|IV|I|V|IV|I|V|I
651,It's Raining Men,The Weather Girls,1983-01-29,i|VII|VI|V|i|V|i|iv|V|VI|VII|V|i|VI|iv|V|VI|VII|V|i|VI|iv|V|VI|VII|V|i|VI|VII|V|i|VI|VII|V|i|iv|i|VI|V|i|V|i|V|i|V|i|iv|V|VI|VII|V|i|VI|VII|V|i|VI|VII|V|i|VI|VII|V|i|VI|VII|V|i|VI|VII|V|i
654,Tainted Love,Soft Cell,1982-01-30,i|iv|i|iv|i
668,Big Yellow Taxi,Joni Mitchell,1975-02-22,I|IV|I|IV|I|IV|I|IV|I|IV|I|IV|I|IV|I|IV|V|IV|I|IV|I|IV|I|IV|I|IV|I|IV|I
672,Baby Workout,Jackie Wilson,1963-05-25,I|IV|I|V|IV|V|IV|I|IV|I|V|IV|V|IV|I|IV|I|V|IV|I|IV|I|V|IV|V|IV|I|IV|I|V|IV|I|IV|I|V|IV|I|IV|I|V|IV|I|IV|I|V|IV|I|IV|I|V|IV|I
674,Sugar Shack,The Fireballs,1963-12-14,I|IV|I|IV|I|IV|I|IV|I|IV|I|IV|I|IV|I|IV|I|IV|I|IV|I|IV|I|IV|ii|V|ii|V|ii|V|I|IV|I|IV|I|IV|I|IV|I|IV|I|IV|I|IV|I|IV|I|IV|I|IV|I|IV|I|IV|ii|V|ii|V|ii|V|I|IV|I|IV|I|IV|I|IV|I|IV|I|IV|I|IV|I|IV|I|IV|I|IV|I|IV|I|IV|I|IV|I|IV|I|IV|I|IV|ii|V|ii|V|ii|V|I|IV|I|IV|I|IV|I|IV|I|IV|I|IV|I|IV|I|IV
678,Chained And Bound,Otis Redding,1964-10-31,I|IV|I|V|I|V|I|IV|I|V|I|V|I|IV|I|V|I|V|vi|I|vi|I|V|I|IV|I|V|I|V|I|IV|I|V|I|V|I|IV|I|IV|I|IV|I|IV|I|IV
681,With Or Without You,U2,1987-06-27,I|vi|IV|I|vi|IV|I|vi|IV|I|vi|IV|I|vi|IV|I|vi|IV|I|vi|IV|I|vi|IV|I|vi|IV|I|vi|IV|I|vi|IV|I|vi|IV|I|IV|I|IV|I|IV|vi|IV|I|IV|I|IV|I|IV|vi|IV|I|IV|I|IV|I|IV|vi|IV|I|vi|IV|I|vi|IV|I|vi|IV|I|vi|IV|I|vi|IV|I|vi|IV|I|vi|IV|I|vi|IV|I|vi|IV|I|vi|IV|I|vi|IV|I|vi
690,Queen Of Hearts,Juice Newton,1981-07-04,V|IV|I|V|I|IV|V|I|IV|V|I|IV|I|IV|V|IV|I|V|I|IV|V|I|IV|V|I|V|IV|I|V|I|IV|V|I|IV|V|I|IV|I|IV|V|IV|I|V|I|IV|V|I|IV|V|I|V|IV|I|V|I|IV|V|I|IV|V|I|V|IV|I|V|I|IV|V|I|IV|V|I|IV|V|I|IV|I|IV|V|IV|I|V|I|IV|V|I|IV|V|I|IV|V|I|IV|V|I|V|IV|I|V|I|IV|V|I|IV|V|I|V|IV|I|V|IV|I|V|IV|I|V|IV|I|V|IV|I|V|IV|I|V|IV|I|V|IV|I|V|IV|I|V|IV|I
692,Fever,Rita Coolidge,1973-01-27,i|V|i|VI|V|i|V|i|V|i|VI|V|i|V|i|VI|V|i|V|i|VI|V|i|V|i|VI|V|i|V|i|VI|V|i|V|i|VI|V|i|V|i|VI|V|i|V|i|VI|V|i|V|i|VI|V|i|V|i|VI|V|i
720,Rocky Mountain High,John Denver,1972-12-23,I|ii|IV|I|ii|IV|I|ii|IV|I|ii|IV|I|ii|IV|I|ii|IV|I|ii|IV|I|ii|IV|I|ii|IV|I|ii|IV|V|I|IV|V|I|IV|V|I|IV|I|ii|IV|I|ii|IV|I|ii|IV|I|ii|IV|I|ii|IV|I|ii|IV|I|ii|IV|I|ii|IV|I|ii|IV|I|ii|IV|V|I|IV|V|I|IV|V|I|IV|I|ii|IV|I|ii|IV|I|ii|IV|I|ii|IV|I|ii|IV|I|ii|IV|V|I|IV|V|I|IV|V|I|IV|I|IV|V|I|IV|V|I|IV|V|I|IV|I|ii|IV|I|ii|IV|I|ii|IV|I|ii|IV|I|ii|IV|I|ii|IV
723,Maybe Tomorrow,Badfinger,1969-03-15,I|vi|ii|bVII|V|I|vi|ii|bVII|V|I|vi|ii|bVII|V|I|vi|ii|bVII|V|I|vi|ii|bVII|V|I|vi|ii|bVII|V|I|vi|ii|bVII|V|I|vi|ii|bVII|V|I|vi|ii|bVII|V|I|vi|ii|bVII|V|I|vi|ii|bVII|V|I|vi|ii|bVII|V|I|vi|IV|I
734,I Will,Dean Martin,1965-11-13,I|V|I|IV|iv|I|V|I|V|I|IV|iv|I|V|I|V|I|V|I|IV|iv|I|V|I|V|I
747,Baby Can I Hold You,Tracy Chapman,1989-01-14,I|V|I|V|I|V|I|V|I|V|I|V|ii|V|I|V|I|V|ii|V|I|V|I|V|ii|V|I|V|I|V|ii|V|I|ii|IV|I|ii|IV|vi|V|I|ii|IV|V|I|V|I|V|ii|V|I|V|I|V|ii|V|I|ii|IV|I|ii|IV|vi|V|I|ii|IV|I|ii|IV|vi|V|I|ii|IV|V|I|ii|IV|V|I
748,Crying Time,Ray Charles,1965-12-25,I|V|ii|V|I|IV|V|I|IV|I|V|I|IV|V|I|IV|I|V|ii|V|I|IV|V|I|IV|I|IV|V|I|IV|I|V|I|IV|V|I|IV|I|V|ii|V|I|IV|V|I|IV|I|V|IV|I
749,D'yer Mak'er,Led Zeppelin,1973-11-24,I|vi|IV|V|I|vi|IV|V|I|vi|IV|V|I|vi|IV|V|I|vi|IV|V|vi|I|vi|IV|V|I|vi|IV|V|I|vi|IV|V|vi|V|vi|V|vi|V|IV|V|I|vi|IV|V|I|vi|IV|V|I|vi|IV|V|vi|I|vi|IV|V|I|vi|IV|V|I|vi|IV|V|vi|V|vi|V|vi|V|IV|V|I|vi|IV|V|I|vi|IV|V|I|vi|IV|V|vi|I|vi|IV|V|I|vi|IV|V|I|vi|IV|V|vi|I|vi|IV|V|I|vi|IV|V|I|vi|IV|V|I|vi|IV|V|I|vi|IV|V|I|vi|IV|V|I|vi|IV|V|I|vi|IV|V|I|vi|IV|V|I|vi|IV|V
767,The Night Chicago Died,Paper Lace,1974-08-03,I|ii|V|I|ii|V|I|ii|V|I|ii|V|I|ii|V|I|ii|V|I|ii|V|I|ii|V|I|ii|V|I|ii|V|I|ii|V|I|ii|V|I|ii|V|I|ii|V|I|ii|V|I|ii|V|I|ii
773,I Want To Walk You Home,Fats Domino,1959-10-19,V|I|IV|I|V|IV|I|IV|I|V|IV|I|IV|I|V|IV|I|IV|I|V|IV|I
787,The Ways Of A Woman In Love,Johnny Cash,1958-09-01,V|I|V|I|IV|I|V|I|V|I|IV|I|V|I|IV|I|IV|I|V|I|V|I|IV|I|V|I|IV|I|V|I|IV|I|IV|I|V|I|V|I|IV|I|V|I|V|I
788,Last Date,Floyd Cramer,1960-12-31,IV|I|V|I|IV|I|IV|I|IV|I|V|I|IV|I|V|I|V|I|IV|I|IV|I|IV|I|V|I|IV|I|V|I|IV|V|I|IV|V|I|IV|V|I|vi|IV|ii|V|I|IV|I|IV|I|IV|I|V|I|IV|I|V|I|IV|I|V|I
792,Almost Grown,Chuck Berry,1959-06-01,V|I|IV|I|V|IV|I|IV|I|V|IV|I|IV|I|V|IV|I|IV|I|V|IV|I|IV|I|V|IV|I|IV|I|V|IV|I|IV|I|V|IV|I
802,Theme From The Dukes Of Hazzard (Good Ol' Boys),Waylon Jennings,1980-09-20,V|I|IV|I|V|I|IV|I|V|I|V|I|IV|I|V|I|IV|I|V|I|V|I|IV|I|V|I|IV|I|V|I|IV|I|V|I
809,On The Wings Of A Nightingale,Everly Brothers,1984-11-03,I|V|I|V|I|V|I|IV|I|V|I|V|I|IV|I|V|IV|V|I|V|vi|V|vi|IV|vi|IV|vi|IV|I|V|I|V|I|IV|I|V|I|V|I|IV|I|V|IV|V|I|V|vi|V|vi|IV|vi|IV|vi|IV|I|V|I|V|I|IV|I|IV|I|IV|I|V|I|IV|I|V|I
810,Unskinny Bop,Poison,1990-09-15,I|bVII|IV|I|bVII|IV|I|bVII|IV|I|bVII|IV|I|bVII|IV|I|bVII|IV|V|I|bVII|IV|I|bVII|IV|I|bVII|IV|V|I|bVII|IV|I|bVII|IV|I|bVII|IV|I|bVII|IV|V|I|bVII|IV|I|bVII|IV|I|bVII|IV|V|IV|I|IV|I|IV|I|IV|I|V|I|bVII|IV|I|bVII|IV|I|bVII|IV|V|I|IV|bVII|I|bVII|IV|I|bVII|IV|I|bVII|IV|I|bVII|IV|I|bVII|IV|I|bVII|IV|I|bVII|IV|I|bVII|IV|I
812,Super Freak (Part I),Rick James,1981-12-19,i|VII|i|VII|i|VII|i|VII|i|VII|i|VII|i|VII|i|VII|i|VII|i|VII|i|VII|i|VII|i|VII|i|VII|i|VII|i|VII|i|VI|VII|i|VI|VII|i|VI|VII|i|I|i|VII|i|VII|i|VII|i|VII|i|VII|i|VII|i|VII|i|VII|i|VII|i|VII|i|VII|i|VII|i|VII|i|VII|i|VII|i|VII|i|VI|VII|i|VI|VII|i|VI|VII|i|I|i|VII|i|VII|i|VII|i|VII|i|VII|i|VII|i|VII|i|VII|i|VII|i|VII|i|VII|i|VII|i|VII|i|VII|i|VII|i|VII|i
821,Just Like Jesse James,Cher,1989-12-30,I|V|IV|I|V|IV|I|V|IV|V|I|V|IV|V|I|V|IV|V|I|V|IV|V|vi|I|ii|IV|V|IV|V|I|V|IV|V|I|V|IV|V|I|V|vi|IV|I|V|IV|I|V|IV|V|I|V|IV|V|I|V|IV|V|I|V|IV|V|I|V|IV|V|vi|I|ii|IV|V|IV|V|I|V|IV|V|I|V|IV|V|I|V|vi|IV|I|V|IV|V|I|V|IV|V|I|V|IV|V|vi|I|ii|IV|V|IV|I|V|IV|V|I|V|IV|V|I|V|vi|IV|I|V|IV|I|V|IV|V|I|V|IV|V|I|V|IV|V|I
822,I Cried A Tear,LaVern Baker,1959-02-09,V|I|V|I|IV|I|V|I|V|I|V|I|IV|I|V|I|V|I|IV|I|V|I|V|I|V|I|IV|I|V|I|V|I
827,Just A Friend,Biz Markie,1990-02-10,I|IV|ii|V|I|IV|ii|V|I|IV|ii|V|I|IV|ii|V|I|IV|ii|V|I|IV|ii|V|I|IV|ii|V|I|IV|ii|V|I|IV|ii|V|I|IV|ii|V|I|IV|ii|V|I|IV|ii|V|I|IV|ii|V|I|IV|ii|V|I|IV|ii|V|I|IV|ii|V|I|IV|ii|V|I|IV|ii|V|I|IV|ii|V|I|IV|ii|V|I|IV|ii|V|I|IV|ii|V
830,Tryin' To Live My Life Without You,Bob Seger,1981-10-24,I|IV|I|IV|I|IV|I|IV|I|IV|I|IV|I|IV|vi|IV|V|I|IV|I|IV|vi|V|IV|vi|IV|V|I|IV|I|IV|vi|IV|V|I|IV|I|IV|vi|V|IV|vi|IV|V|I|IV|I|IV|I|IV|I|IV|vi|V|IV|vi|IV|V|I|IV|I|IV|vi|V|IV|vi|IV|V|I
843,If I Could Turn Back Time,Cher,1989-11-11,I|IV|ii|V|I|IV|V|I|IV|V|I|IV|V|I|IV|V|IV|vi|V|IV|vi|V|IV|V|I|IV|ii|V|I|IV|ii|V|I|IV|V|I|IV|V|I|IV|V|I|IV|V|I|IV|V|I|IV|V|IV|vi|V|IV|vi|V|IV|V|I|IV|ii|V|I|IV|ii|V|I|IV|V|I|IV|V|I|IV|V|I|IV|V|I|IV|V|IV|vi|V|IV|vi|V|IV|V|I|IV|ii|I|IV|ii|V|I|IV|ii|V|I|IV
852,Bad Moon Rising,Creedence Clearwater Revival,1969-05-03,I|V|IV|I|V|IV|I|V|IV|I|V|IV|I|V|IV|I|IV|I|V|IV|I|V|IV|I|V|IV|I|V|IV|I|V|IV|I|IV|I|V|IV|I|V|IV|I|V|IV|I|IV|I|V|IV|I|V|IV|I|V|IV|I|V|IV|I|V|IV|I|IV|I|V|IV|I|IV|I|V|IV|I
857,Get Up (I Feel Like Being Like A) Sex Machine (Part 1),James Brown,1970-09-12,IV|I|IV|I|IV
879,Walk This Way,Run-D.M.C.,1986-08-02,IV|I|VI|IV|I|IV|I|IV|I|IV|I|IV|I|VI|IV|I|IV|I|IV|I|IV|I|IV|VI|I|IV|I|IV|I|IV|I|IV|I|IV|I|IV|I|IV|I|IV|I|IV|I|IV|I|IV|I|IV|I|IV|I|IV|I|IV|I|IV|I|IV|I|IV|I|IV|I|IV|I|IV|I|IV|I|IV|I|IV
882,Somebody's Watching Me,Rockwell,1984-03-17,i|VI|VII|i|VI|VII|i|VI|VII|i|VI|VII|i|VI|i|VI|VII|i|VI|i|VI|VII|i|VI|VII|i|VI|VII|i|VI|VII|i|VI|VII|i|VI|i|VI|VII|i|VI|VII|i|VI|VII|i|VI|VII|i|VI|VII|i|VI|VII|i|VI|VII|i|VI|VII|i|VI|VII|i|VI|VII|i|VI|VII|i|VI|VII|i|VI|VII|i|VI|VII|i|VI|VII|i|VI|VII|i|VI|i|VI|i|VI|VII|i|VI|VII|i|VI|VII|i|VI|VII|i|VI|VII|i|VI|VII|i|VI|VII|i|VI|VII|i|VI|VII|i|VI|VII|i|VI|VII|i|VI|VII|i|VI|VII|i|VI|VII|i|VI|VII|i|VI|VII|i|VI|VII|i|VI|VII|i|VI|VII|i|VI|VII|i|VI|VII
887,Me Myself And I,De La Soul,1989-09-09,i
891,Happy Jack,The Who,1967-04-22,I|V|I|V|I|V|I|V|I|IV|V|IV|V|I|V|I|V|I|V|I|V|I|V|I|V|I|V|I|V|I|V|I|V|I|IV|V|I|IV|V|IV|V|IV|V|I|V|I|V|I
894,On And On And On,Abba,1981-07-04,I|IV|I|IV|I|bVII|I|bVII|I|IV|I|bVII|I|bVII|IV|I|bVII|I|bVII|I|IV|I|bVII|I|bVII|IV|I|IV|I|bVII|I|bVII|IV|I|IV|I|IV|I|bVII|I|bVII|I|IV|I|bVII|I|bVII|IV|I|bVII|I|bVII|I|IV|I|bVII|I|bVII|IV|I|IV|I|bVII|I|bVII|IV|I|IV|I|IV|I|IV|I|IV|I|IV|I
900,I Wish It Would Rain,The Temptations,1968-02-24,I|IV|I|IV|I|IV|I|IV|I|V|IV|I|IV|I|IV|I|IV|I|IV|I|IV|I|IV|I|IV|I|V|IV|I|IV|I|IV|I|IV|I|IV|I|IV|I|IV|I|IV
904,Till The End Of The Day,The Kinks,1966-04-23,V
905,Teach Your Children,"Crosby, Stills & Nash",1970-08-15,I|IV|I|V|I|IV|I|V|I|IV|I|V|I|IV|I|V|I|IV|I|V|I|IV|I|vi|IV|V|I|IV|I|V|I|IV|I|V|I|IV|I|V|I|IV|I|V|I|IV|I|V|I|IV|I|vi|IV|V|I|IV|I|V|I
913,Girl You Know It's True,Milli Vanilli,1989-04-22,i|VI|VII|i|VI|VII|i|VI|VII|i|VI|i|VI|VII|i|VI|VII|i|VI|VII|i|VI|VII|i|VI|VII|i|VI|i|VI|VII|i|VI|VII|i|VI|VII|i|VI|VII|i|VI|VII|i|VI|VII|i|VI|VII|i|VI|VII|i
914,If Not You,Dr. Hook,1977-01-15,I|ii|V|I|IV|V|I|ii|V|I|IV|V|IV|V|I|vi|IV|V|I|ii|V|I|IV|V|IV|V|I|vi|IV|V|I|ii|V|I|IV|V|I|ii|V|I|IV|V|IV|V|I|vi|IV|V|I|IV|V|I|vi|IV|V|I
917,Love Song,Anne Murray,1974-01-05,I|ii|V|ii|V|I|ii|V|ii|V|I|ii|V|ii|V|I|ii|V|ii|V|I|ii|V|ii|V|I|ii|V|ii|V|IV|V|I|ii|V|ii|V|I|ii|V|ii|V|I|ii|V|IV|I
920,Hot In The City,Billy Idol,1982-09-25,I|V|I|vi|I|vi|I|vi|I|vi|I|vi|I|vi|I|vi|I|vi|V|I|V|I|vi|I|vi|I|vi|I|vi|I|vi|I|vi|I|vi|I|vi|V|IV|I|vi|I|vi|I|vi|I|vi|I|vi|I|vi|I|vi|I|vi|I|vi|I|vi|I|vi|I|vi|I|vi|I|vi|I|vi|I|vi|I|vi|I|vi|I|vi|I|vi|I|vi|I|vi|I|vi|I|vi
933,Eleanor Rigby,Ray Charles,1968-06-29,i|VI|i|VI|i|VI|i|iv|i|VI|i|VI|i|VI|i|iv|i|VI|i|VI|i|VI|i|iv|i
941,Like A Rock,Bob Seger,1986-08-16,I|IV|I|IV|I|IV|bVII|IV|I|IV|I|IV|I|IV|I|IV|bVII|IV|I|IV|I|IV|bVII|IV|I|IV|I|vi|I|IV|ii|V|I|IV|bVII|IV|I|IV|I|IV|bVII|IV|I|IV|I|IV|I|IV|I|IV|bVII|IV|I|IV|I|IV|bVII|IV|I|IV|I|IV|bVII|IV|I|IV|I|IV|bVII|IV|I|IV|I|IV|bVII|IV|I|IV|I|IV|bVII|IV|I|IV|I|IV|bVII|IV|I|IV|I
943,I Found A True Love,Wilson Pickett,1968-10-05,I|IV|I|IV|I|vi|V|I|IV|I|vi|V|I|IV|I|IV|I|IV|I|IV|I|IV|I|IV|I|IV|I|IV|I|V|IV|I|V|I|V|IV|I|V|I|V|IV|I|V|I|V|IV|I|V
946,I Second That Emotion,The Miracles,1968-01-20,V|IV|I|IV|V|I|IV|I|IV|I|V|IV|I|V|IV|I|V|IV|I|IV|V|I|IV|I|IV|I|V|IV|I|V|IV|I|V|IV|I|V|IV|I|IV|I|IV|I|V|IV|I|V|IV|I|V|IV|I|V|IV|I
948,The Twist,Chubby Checker,1962-03-17,V|IV|I|IV|I|V|IV|I|IV|I|V|IV|I|IV|I|V|IV|I|IV|I|V|IV|I|IV|I|V|IV|I|IV|I|V|IV|I|IV|I|V|IV|I|IV|I|V|IV|I
961,Take A Chance On Me,Abba,1978-05-06,I|V|I|ii|V|ii|V|ii|I|ii|I|vi|IV|vi|IV|V|vi|IV|ii|V|ii|V|I|V|I|V|I|ii|V|ii|V|ii|I|ii|I|vi|IV|vi|IV|V|vi|IV|ii|V|ii|V|I|V|I|V|I|V|I|V|I
963,The Stroke,Billy Squier,1981-05-16,i|VII|i|VII|i|VII|i|VII|i|VII|i|VII|i|VII|i|VII|i|VII|i|VII|i|VII|i|VII|i|VII|i|VII|i|VII|i|VII|i|VII|i|VII|i|VII|i|VII|i|VII|i|VII|i|VII|i|VII|i|VII|i|VII|i|VII|i|VII|i|VII|i|VII|i
965,Sweet Soul Music,Arthur Conley,1967-03-25,I|IV|I|IV|vi|V|IV|I|IV|I|IV|vi|V|IV|I|IV|I|IV|vi|V|IV|I|IV|I|IV|vi|V|IV|I|IV|I|IV|vi|V|IV|I|IV|I|IV|vi|V|IV|I|IV|I|IV|I|IV|I|IV|I|IV|vi|V|IV|I|IV|I|IV|vi|V|IV|I
981,Venus,Bananarama,1986-11-01,i|IV|i|IV|i|IV|i|IV|i|IV|i|IV|i|IV|i|IV|i|IV|i|IV|i|IV|i|IV|i|IV|i|iv|VII|iv|VII|i|IV|i|IV|VI|V|i|IV|i|IV|VI|V|i|IV|i|IV|i|IV|i|IV|i|IV|i|IV|i|IV|i|IV|i|IV|i|iv|VII|iv|VII|i|IV|i|IV|VI|V|i|IV|i|IV|VI|V|i|IV|i|IV|i|IV|i|IV|i|IV|i|IV|i|IV|i|IV|i|IV|i|iv|VII|iv|VII|i|IV|i|IV|VI|V|i|IV|i|IV|VI|V|i|IV|i|IV|i|IV|i|IV|i|IV|i|IV|i|IV|i|IV|i|IV|i|IV|iv|VII|iv|VII|i|IV|i|IV|VI|V|i|IV|i|IV|VI|V|i|IV|i|IV|i|IV|i|IV|i|IV|i|IV|i|IV|i|IV|i|IV|i|IV|i|IV|i|IV|i|IV|i|IV|i|IV|i|IV|i|IV|i|IV
991,The Bitch Is Back,Elton John,1974-12-07,I|IV|I|IV|I|IV|I|IV|I|V|I|bVII|IV|I|IV|I|IV|I|IV|I|IV|I|V|I|bVII|IV|I|IV|I|IV|I|V|vi|IV|V|bVII|V|I|IV|I|IV|I|IV|I|IV|I|V|I|bVII|IV|I|IV|I|IV|I|V|vi|IV|V|bVII|V|I|IV|I|IV|I|V|I|bVII|IV|I|IV|I|IV|I|V|vi|IV|V|bVII|V|I|IV|I|IV|I|bVII|IV|I|bVII|IV|I|bVII|IV|I|bVII|IV|I|bVII|IV|I|bVII|IV|I|bVII|IV|I|bVII|IV|I|bVII|IV|I|bVII|IV|I|bVII|IV|I|bVII|IV|I|bVII|IV|I|bVII|IV
992,Nightshift,Commodores,1985-05-18,I|vi|IV|V|IV|I|V|I|vi|IV|V|IV|V|I|vi|IV|V|IV|V|vi|ii|V|vi|ii|IV|I|vi|IV|V|IV|I|V|I|vi|IV|V|IV|V|I|vi|IV|V|I|vi|IV|V|I|vi|IV|V|IV|V|I|vi|IV|V|IV|V|vi|ii|V|vi|ii|IV|I|vi|IV|V|IV|I|vi|IV|V|IV|V|vi|I|vi|IV|V|IV|I|vi|IV|V|IV|I|V|I
1006,Three Hearts In A Tangle,Roy Drusky,1961-06-26,I|IV|I|V|I|V|I|V|I|IV|I|V|I|V|I|V|I|IV|I|V|I|IV|I|V|I|V|I|V|I|IV|I|V|I|V|I|V|I|IV|I|V|I
1024,Baby What You Want Me To Do,Jimmy Reed,1960-05-16,I|IV|I|V|I|V|I|IV|I|V|I|V|I|IV|I|V|I|V|I|IV|I|V|I|V|I|IV|I
1039,Girl I m Gonna Miss You,Milli Vanilli,1989-09-02,I|V|I|V|I|V|I|V|IV|I|IV|I|ii|I|IV|V|IV|V|I|V|ii|I|IV|vi|V|I|V|ii|I|IV|vi|V|I|V|I|V|I|V|I|V|IV|I|IV|I|ii|I|IV|V|IV|V|I|V|ii|I|IV|vi|V|I|V|ii|I|IV|vi|V|I|V|ii|I|IV|vi|V
1040,Lay Down Sally,Eric Clapton,1978-05-20,I|IV|I|IV|V|I|IV|V|I|IV|V|I|IV|I|IV|V|I|IV|V|I|IV|V|I|IV|I|IV|V|I|IV|V|I|IV|V|I|IV|V|I|IV|V|I
1041,It Keeps Right On A-Hurtin',Johnny Tillotson,1962-06-09,V|I|IV|I|V|I|IV|I|V|I|IV|V|I|IV|I|V|IV|V|IV|I|IV|V|I|IV|I|V|I|IV|I|V|I|IV|V|I|IV|I|V|IV|V|IV|I|IV|V|I|IV|I|ii|I
1051,My Kinda Lover,Billy Squier,1982-01-09,I|V|I|V|vi|IV|V|vi|IV|V|vi|IV|V|vi|IV|V|vi|I|V|I|V|vi|IV|V|vi|IV|V|vi|IV|V|vi|IV|V|vi|V|IV|V|IV|V|IV|V|IV|I|V|I|V|vi|IV|V|vi|IV|V|vi|IV|V|vi|IV|V|vi|IV|V|vi|IV|V|vi|IV|V|vi
1059,I've Been Everywhere,Hank Snow,1962-10-20,I|ii|I|IV|I|V|I|IV|I|V|I|IV|I|V|I|IV|I|V|I|IV|I|V|I|IV|I|V|I|IV|I|V|I|IV|I|V|I|IV|I|V|I|IV|I|V|I
1064,Sad Eyes,Robert John,1979-09-22,I|ii|IV|I|ii|IV|I|ii|IV|I|IV|I|ii|IV|I|IV|I|ii|IV|V|ii|IV|I|ii|IV|I|IV|I|ii|IV|I|IV|I|ii|IV|I|IV|I|ii|IV|V|ii|IV|I|ii|IV|I|IV|I|ii|IV|I|IV|I|ii|IV|I|IV|I|ii|IV|I|IV|I|ii|IV|I|IV|I|ii|IV|I|IV|I|ii|IV|I|IV|I|ii|IV|I|IV|I|ii|IV|I|IV
1066,My Hometown,Bruce Springsteen,1985-12-14,I|IV|I|V|I|IV|I|IV|I|V|I|IV|I|IV|I|V|I|IV|I|IV|I|V|I|IV|I|IV|I|V|I|IV|I|IV|I|V|I|IV|I|IV|I|V|I|IV|I|vi|I|vi|I|IV|I|IV|I|V|I|IV|I|V|I|IV|I|IV|I|V|I|IV|I|IV|I|V|I|IV|I|IV|I|V|I|IV|I|IV|I|V|I|IV|I|IV|I|V|I|IV|I|IV|I|V
1072,Be My Guest,Fats Domino,1959-11-16,I|IV|I|V|I|IV|I|V|I|IV|I|V|I|IV|I|V|I|IV|I|V|I|IV|I|V|I|IV|I|V|I|IV|I|V|I|IV|V|I|IV|V|I|IV|V|I|IV|V|I|IV|I|V|I|IV|I|V|I|IV|I|V|I|IV|I|V|I|IV|V|I|IV|V|I|IV|V|I|IV|V|I|IV|V|I
1073,Devil Woman,Cliff Richard,1976-08-07,I|VII|i|VII|i|VII|i|VII|VI|V|i|VI|VII|i|VI|VII|I|VII|i|VII|i|VII|i|VII|VI|V|i|VI|VII|i|VI|VII|VI|VII|VI|VII|I|VII|i|VII|i|VII|i|VII|VI|V|i|VI|VII|i|VI|VII|i|VI|VII|i|VI|VII|i|VI|VII
1089,Who Will You Run To,Heart,1987-12-12,I|bVII|I|IV|I|IV|bVII|IV|V|vi|IV|bVII|IV|V|IV|V|IV|I|V|IV|bVII|I|V|IV|bVII|I|bVII|I|IV|I|IV|bVII|IV|V|vi|IV|bVII|IV|V|IV|V|IV|I|V|IV|bVII|I|V|IV|bVII|I|bVII|I|bVII|V|IV|V|IV|I|V|IV|bVII|I|V|bVII|I|V|bVII|I|V|bVII|I|V|bVII|I|V|bVII|I|V|bVII|I|V|bVII|I|V|bVII|I|V|bVII
1094,There's No Other (Like My Baby),The Crystals,1961-11-20,I|IV|V|I|IV|V|I|vi|IV|V|I|IV|I|V|I|vi|IV|V|I|IV|I|V|I|vi|IV|V|I|vi|IV|V|I|vi|IV|V|I|IV|I|V|I|vi|IV|V|I|vi|IV|V|I|vi|IV|V|I|IV|I|V|I|vi|IV|V|I|vi|IV|V|I|IV|I
1096,Look-Ka Py Py,The Meters,1970-01-31,I|bVII|I|bVII|I|bVII|I
1101,(I was) Born To Cry,Dion,1962-04-28,i|iv|i|V|i|iv|i|iv|i|iv|i|iv|i|iv|V|i|iv|i|iv|i|iv|i|iv|i|iv|V|i|iv|i|iv|i
1104,What You Get Is What You See,Tina Turner,1987-03-07,I|IV|V|IV|I|IV|V|IV|I|IV|V|I|IV|V|I|IV|V|I|IV|V|I|IV|V|I|IV|V|I|IV|V|I|IV|V|I|IV|V|I|IV|V|I|IV|V|I|IV|V|IV|V|I|IV|V|IV|V|I|IV|V|I|ii|IV|V|IV|V|I|ii|IV|V|IV|V|I|ii|IV|V|IV|V|I|ii|I|IV|V|I|IV|V|I|IV|V|I|IV|V|I|IV|V|I|IV|V|I|IV|V|I|IV|V|I|IV|V|I|IV|V|I|IV|V|IV|V|I|IV|V|IV|V|I|IV|V|I|ii|IV|V|IV|V|I|ii|IV|V|IV|V|I|ii|IV|V|IV|V|I|ii|I|IV|V|I|ii|IV|V|IV|V|I|ii|IV|V|IV|V|I|ii|IV|V|IV|V|IV|V|I|IV|V|IV|V|I|IV|V|I|ii|IV|V|IV|V|I|ii|IV|V|IV|V|I|ii|IV|V|IV|V|I|ii|I|IV|V|I|ii|IV|V|IV|V|I|ii|IV|V|IV|V|I|ii|IV|V|IV|V|I|ii|IV|V|IV|V|I|ii|IV|V|IV|V|I|ii|IV|V|IV|V|I|ii|IV|V|IV|V|I|ii|IV|V|IV|V
1106,Bust A Move,Young MC,1990-04-07,
1111,Land Of 1000 Dances,Chris Kenner,1963-08-17,V|I
1113,Lonely Weekends,Charlie Rich,1960-07-11,I|IV|I|IV|I|IV|I|IV|I|IV|I|IV|I|IV|I|IV|I|IV|I|IV|I|IV|I|IV|I|IV|I|IV|I|IV|I|IV|I|IV|I|IV|I|IV|bVII|IV|bVII|IV|bVII|IV|bVII|IV|bVII|IV|bVII|V|I|IV|I|IV|I|IV|I|IV|I|IV|I|IV|I|IV|I|IV|I|IV|I|IV|I|IV|I|IV|I|IV|I|IV|I|IV|I|IV|I|IV|I|IV|I|IV|I|IV|I|IV|I|IV|I|IV|I|IV|bVII|IV|bVII|IV|bVII|IV|bVII|IV|bVII|IV|bVII|V|I|IV|I|IV|I|IV|I|IV|I|IV|I|IV|I|IV|I|IV|I|IV|I|IV|I|IV|I|IV|I|IV|I|IV|I|IV|I|IV|I|IV|I|IV
1116,Ebony Eyes,The Everly Brothers,1961-04-10,IV|I|V|I|V|I|IV|I|V|I|IV|I|IV|I|V|I|IV|I|V|I|V|I|IV|I|V|I|V|I|IV|I|IV|I|V|I|V|I|IV|I|V|I|IV|I|IV|I|IV|I|V|I
1119,Will The Wolf Survive,Los Lobos,1985-04-20,I|IV|I|IV|I|IV|I|IV|V|IV|I|IV|I|IV|V|IV|I|IV|V|I|IV|I|IV|I|IV|I|IV|V|IV|I|IV|V|IV|I|IV|I|IV|I|IV|bVII|IV|I|IV|I|V|IV|I|IV|I|IV|I|IV|I|IV|V|IV|I|IV|V|IV|I|IV|I|IV|I|IV|I|IV|V
1125,Treat Her Right,Roy Head,1965-09-18,I|IV|I|V|IV|I|IV|I|V|IV|I|IV|I|V|IV|I|IV|I|V|IV|I|IV|I|V|IV|I|IV|I|V|IV|I|IV|I|V|IV|I
1135,Loving Her Was Easier (Than Anything I'll Ever Do Again),Kris Kristofferson,1971-09-25,I|IV|I|IV|I|IV|I|IV|I|IV|I|IV|I|IV|I|IV|I|IV|I|V|I|IV|I|V|IV|I|IV|I|IV|I|V|I|IV|I|IV|I|IV|I
1139,Are You Sure Hank Done It This Way,Waylon Jennings,1975-10-11,I|IV|I|IV|I|IV|I|IV|I|IV|I|IV|I|IV|I|IV|I|IV|I|IV|I|IV|I|IV|I|IV|I|IV|I|IV|I|IV|I|IV|I|IV|I|IV|I|IV|I|IV|I|IV|I|IV|I|IV|I|IV|I|IV|I|IV|I|IV|I|IV|I|IV|I|IV|I|IV|I|IV|I|IV|I|IV|I|IV|I|IV|I|IV|I|IV|I|IV|I|IV
1143,I Love A Rainy Night,Eddie Rabbitt,1981-03-21,I|V|vi|V|IV|V|I|IV|V|I|IV|V|I|IV|V|I|IV|V|vi|V|IV|V|I|IV|V|I|IV|V|I|IV|V|I|IV|V|vi|V|IV|V|I|IV|V|I|IV|V|I|IV|V|I|IV|V|I|IV|V|I|IV|V|I|IV|V|I|IV|V|I|IV|V|I|IV|V|I|IV|V|I|IV|V|I|IV|V|I|IV|V|I|IV|V|I|IV|V
1148,I Don't Want Your Love,Duran Duran,1989-01-28,i|VI|i|VI|i|IV|i|IV|i|VI|i|VI|i|IV|i|IV|i|IV|i|IV|i|VI|i|VI|i|IV|i|IV|i|IV|i|IV|i|IV|i|IV|i|IV|i|IV
1154,Think Of Me,Buck Owens,1966-05-28,I|V|I|V|I|IV|V|I|IV|V|I|IV|V|I|IV|V|I|IV|V|I|IV|V|I|IV|V|I|IV|V|I|IV|V|I|IV|V|I|V|I|V|I|IV|V|I|IV|V|I|IV|V|I|IV|V|I|IV|V|I|IV|V|I|V|I
1155,Running On Empty,Jackson Browne,1978-03-18,IV|I|IV|I|IV|I|vi|IV|I|V|IV|I|IV|I|IV|I|IV|I|IV|I|IV|I|IV|I|V|IV|I|IV|I|IV|I|vi|IV|I|IV|I|IV|I|IV|I|IV|I|IV|I|IV|I|V|IV|I|IV|I|IV|I|vi|IV|I|IV|I|IV|I|vi|IV|I|V|vi|IV|V|I|vi|V|IV|I|vi|IV|V|I|IV|V|IV|I|ii|I|vi|IV|I|IV|I|IV|I|IV|I|IV|I|IV|I|IV|I|V|IV|I|IV|I|IV|I|vi|IV|I|IV|I|IV|V|IV|I|ii|I|vi|IV|V|IV|I|ii|I|vi|IV|V|IV|I|ii|I|IV|I|IV|I|IV|I|IV|I|IV|I|IV|I|IV|I|IV|I|IV|I|IV|I|IV|I|IV|I|IV|I|IV|I|IV|V|IV|I|ii|I
1160,I Got Stripes,Johnny Cash,1959-08-24,bVII|I|V|I|V|I|V|I|V|I|V|I|V|I|V|I|V|I|V|I|V|I|V|I|V|I
1168,Ode To Billie Joe,Bobbie Gentry,1976-07-24,I|IV|I|IV|I|bVII|I|IV|I|IV|I|bVII|I|IV|I|IV|I|bVII|I|IV|I|IV|I|bVII|I|IV|I|IV|I|bVII|I
1170,Summertime Blues,Blue Cheer,1968-05-25,VII|VI|VII|VI|IV|i|VII|VI|VII|VI|VII|VI|VII|VI
1180,Lucky Man,"Emerson, Lake & Palmer",1971-03-27,I|V|I|V|I|V|I|V|I|V|I|V|ii|vi|V|ii|vi|V|I|V|I|V|I|V|I|V|ii|vi|V|ii|vi|V|I|V|I|V|I|V|I|V|ii|vi|V|ii|vi|V|I|V|I|V|I|V|I|V|ii|vi|V|ii|vi|V|I|V|I|V|I|V|I|V|ii|vi|V|ii|vi|V|ii|vi|V|ii|vi|V|ii|vi|V|ii|vi|V|ii|vi|V
1194,The Year That Clayton Delaney Died,Tom T. Hall,1971-10-23,I|V|I|V|I|V|I|IV|I|IV|I|V|I|V|I|IV|I|IV|I|V|I|V|I|IV|I|IV|I|V|I|V|I|IV|I|IV|I|V|I|V|I|IV|I|IV|I|V|I|V|I
1203,Island Of Lost Souls,Blondie,1982-07-31,I|VI|IV|V|I|VI|IV|V|I|VI|IV|V|I|V|I|VI|IV|V|I|IV|V|I|IV|V|I|V|I|VI|IV|V|I|IV|V|I|IV|V|I|V|I|VI|IV|V|I|IV|V|I|IV|V|I|ii|IV|I|ii|IV|I|ii|IV|I|ii|IV|V|I|VI|IV|V|I|IV|V|I|IV|V|I|V|I|VI|IV|V|I|IV|V|I|IV|V|I|IV|I|IV|I|IV|I|IV|I|ii|IV|I|ii|IV|I|ii|IV|I|ii|IV|V|I|VI|IV|V|I|IV|V|I|IV|V|I|V|I|VI|IV|V|I|IV|V|I|IV|V|I|V|I|VI|IV|V|I|IV|V|I|IV|V|I|V|I|VI|IV|V|I|IV|V|I|IV|V|I|V|I|VI|IV|V|I|IV|V|I|IV|V|I|V|I|VI|IV|V|I|IV|V|I|IV|V|I|V
1212,Baby Don't Go,Sonny & Cher,1965-09-18,I|IV|I|IV|I|IV|I|IV|I|ii|I|IV|I|IV|I|IV|I|IV|I|IV|I|IV|I|IV|I|IV|I|IV|I|IV|I|ii|I|IV|I|IV|I|IV|I|IV|I|ii|I|IV|I|IV|I|IV|I|ii|I|IV|I|IV|I|IV|I|IV|I|IV|I|IV|I|IV|I|IV|I|IV|I|IV|I|ii|I|IV|I|IV|I|IV|I|IV|I|ii|I|IV|I|IV|I|IV|I|ii|I|IV|I|IV|I|IV|I|IV|I|IV|I|IV|I|IV|I|IV|I|IV|I|IV|I|ii|I|IV|I|IV|I|IV|I|IV|I|ii|I|IV|I|IV|I|IV|I|ii|I|IV|I|IV|I
1225,I've Got A Tiger By The Tail,Buck Owens,1965-01-23,I|IV|V|I|V|I|IV|V|I|IV|V|I|V|I|IV|V|I|IV|V|I|V|I|IV|V|I|IV|V|I|V|I|IV|V|I|IV|V|I|V|I|IV|V|I|IV|V|I|V|I|IV|V|I|IV|I|IV|I|IV|I|V|I
1249,Rock'n Me,Steve Miller Band,1976-09-25,I|IV|I|IV|I|IV|I|bVII|IV|I|bVII|IV|I|bVII|IV|I|bVII|IV|I|bVII|IV|I|IV|I|IV|I|bVII|IV|I|bVII|IV|I|bVII|IV|I|bVII|IV|I
1265,If I Were A Carpenter,Bobby Darin,1966-10-01,I|bVII|IV|I|bVII|IV|I|bVII|IV|I|bVII|IV|I|bVII|IV|I|bVII|I|bVII|I|bVII|IV|I|bVII|IV|I|bVII|IV|I|bVII|IV|I|bVII|IV|I|bVII|IV|I|bVII|IV|I|bVII|IV|I|bVII|IV|I|bVII|IV|I|bVII|IV|I|bVII|IV|I|bVII|IV|I
1279,Let The Music Play,Shannon,1984-01-14,i|VI|VII|i|VI|VII|i|VI|VII|i|VI|VII|i|VI|VII|i|VI|VII|i|VI|VII|i|VI|VII|i|VI|VII|i|VI|VII|i|VI|VII|i|VI|VII|i|VI|VII|i|VI|VII|i|VI|VII|i|VI|VII|i|VI|VII|i|VI|VII|i|VI|VII|i|VI|VII|i|VI|VII|i|VI|VII|i|VI|VII|i|VI|VII|i|VI|VII|i|VI|VII|i|VI|VII|i|VI|VII|i|VI|VII|i|VI|VII|i|VI|VII|i|VI|VII|i|VI|VII|i|VI|VII|i|VI|VII|i|VI|VII|i|VI|VII|i|VI|VII|i|VI|VII|i|VI|VII|i|VI|VII|i|VI|VII|i|VI|VII|i|VI|VII|i|VI|VII|i|VI|VII|i|VI|VII|i|VI|VII|i|VI|VII
1287,Johnny Reb,Johnny Horton,1959-08-24,I|IV|I|IV|I|V|I|IV|I|V|IV|I|V|I|V|I|IV|I|V|IV|I|V|I|V|I|IV|I|V|IV|I|V|I|V|I|IV|I|V|IV|I|V|I|V|I|V|I|V
1289,There She Goes,The La's,1991-07-27,I|V|IV|I|V|IV|V|I|V|IV|V|I|V|IV|V|I|V|IV|V|I|V|IV|V|I|V|IV|ii|I|IV|V|I|V|IV|V|I|V|IV|V|I|V|IV|ii|I|IV|ii|I|IV|V|I|V|IV|V|I|V|IV|V|I|V|IV|ii|I|IV|ii|I|IV|V|I|V|IV|V|I|V|IV|V|I|V|IV|ii|I|IV|ii|I|IV|V|vi|IV|vi|IV|V|I|V|IV|V|I|V|IV|V|ii|vi|IV|V|I|V|IV|V|I|V|IV|V|I|V|IV|ii|I|IV|ii|I|IV|V|I|V|IV|V|I|V|IV|V|I|V|IV|I
1292,He's So Fine,The Chiffons,1963-03-09,ii|V|ii|V|ii|V|ii|V|ii|V|ii|V|I|ii|V|ii|V|ii|V|ii|V|I|IV|I|IV|V|ii|V|ii|V|ii|V|ii|V|I|vi|I|vi|I|vi|I|vi
